능력단위코드,능력단위명,세분류코드,세분류,소분류,중분류,대분류,개발연도버전,수준,서비스중단,숨김
2001010101_19v4,정보기술 전략 기획,20010101,정보기술전략,정보기술전략·계획,정보기술,정보통신,19v4,7,N,N
2001010102_19v4,정보기술 거버넌스 전략 수립,20010101,정보기술전략,정보기술전략·계획,정보기술,정보통신,19v4,7,N,N
2001010103_19v4,정보기술 R&D 전략 수립,20010101,정보기술전략,정보기술전략·계획,정보기술,정보통신,19v4,6,N,N
2001010104_19v4,정보기술 프로세스관리 전략 수립,20010101,정보기술전략,정보기술전략·계획,정보기술,정보통신,19v4,6,N,N
2001010105_19v4,정보기술 아키텍처 계획 수립,20010101,정보기술전략,정보기술전략·계획,정보기술,정보통신,19v4,6,N,N
2001010106_19v4,정보기술 협업관리 전략 수립,20010101,정보기술전략,정보기술전략·계획,정보기술,정보통신,19v4,6,N,N
2001010107_19v4,정보기술 투자계획 수립,20010101,정보기술전략,정보기술전략·계획,정보기술,정보통신,19v4,7,N,N
2001010108_19v4,정보기술 성과관리,20010101,정보기술전략,정보기술전략·계획,정보기술,정보통신,19v4,6,N,N
2001010109_19v4,정보기술 전략 통합관리,20010101,정보기술전략,정보기술전략·계획,정보기술,정보통신,19v4,5,N,N
2001010110_19v4,정보기술 전략 실행관리,20010101,정보기술전략,정보기술전략·계획,정보기술,정보통신,19v4,5,N,N
2001010201_19v4,정보기술 컨설팅 기획,20010102,정보기술컨설팅,정보기술전략·계획,정보기술,정보통신,19v4,8,N,N
2001010202_19v4,정보기술 조직 경영전략 분석,20010102,정보기술컨설팅,정보기술전략·계획,정보기술,정보통신,19v4,6,N,N
2001010203_19v4,정보기술 조직 경영환경 분석,20010102,정보기술컨설팅,정보기술전략·계획,정보기술,정보통신,19v4,6,N,N
2001010204_19v4,정보기술 컨설팅 대상업무 분석,20010102,정보기술컨설팅,정보기술전략·계획,정보기술,정보통신,19v4,7,N,N
2001010206_19v4,정보기술 컨설팅 목표 수립,20010102,정보기술컨설팅,정보기술전략·계획,정보기술,정보통신,19v4,8,N,N
2001010207_19v4,정보기술 컨설팅 대상업무 개선방안 도출,20010102,정보기술컨설팅,정보기술전략·계획,정보기술,정보통신,19v4,7,N,N
2001010208_19v4,정보시스템 개선방안 도출,20010102,정보기술컨설팅,정보기술전략·계획,정보기술,정보통신,19v4,7,N,N
2001010209_19v4,정보기술 컨설팅 수행 관리,20010102,정보기술컨설팅,정보기술전략·계획,정보기술,정보통신,19v4,8,N,N
2001010210_19v4,정보기술 컨설팅 성과 측정,20010102,정보기술컨설팅,정보기술전략·계획,정보기술,정보통신,19v4,7,N,N
2001010211_19v4,정보시스템인프라분석,20010102,정보기술컨설팅,정보기술전략·계획,정보기술,정보통신,19v4,6,N,N
2001010212_19v4,정보시스템애플리케이션분석,20010102,정보기술컨설팅,정보기술전략·계획,정보기술,정보통신,19v4,6,N,N
2001010301_19v4,IT 비즈니스 환경분석,20010103,정보기술기획,정보기술전략·계획,정보기술,정보통신,19v4,6,N,N
2001010302_19v4,정보기술 환경분석,20010103,정보기술기획,정보기술전략·계획,정보기술,정보통신,19v4,6,N,N
2001010303_19v4,정보기술 전략 수립,20010103,정보기술기획,정보기술전략·계획,정보기술,정보통신,19v4,7,N,N
2001010304_19v4,정보기술 예산 수립,20010103,정보기술기획,정보기술전략·계획,정보기술,정보통신,19v4,6,N,N
2001010305_19v4,정보기술 모형 설계,20010103,정보기술기획,정보기술전략·계획,정보기술,정보통신,19v4,6,N,N
2001010306_19v4,정보기술 아키텍처 설계,20010103,정보기술기획,정보기술전략·계획,정보기술,정보통신,19v4,6,N,N
2001010307_19v4,정보기술 운영방안 수립,20010103,정보기술기획,정보기술전략·계획,정보기술,정보통신,19v4,5,N,N
2001010308_19v4,프로젝트 자원 투입계획 수립,20010103,정보기술기획,정보기술전략·계획,정보기술,정보통신,19v4,5,N,N
2001010309_19v4,프로젝트 실행계획 수립,20010103,정보기술기획,정보기술전략·계획,정보기술,정보통신,19v4,5,N,N
2001010310_19v4,정보기술 조직 성과 분석,20010103,정보기술기획,정보기술전략·계획,정보기술,정보통신,19v4,6,N,N
2001010401_19v4,SW제품기업 내부 환경 분석,20010104,SW제품기획,정보기술전략·계획,정보기술,정보통신,19v4,5,N,N
2001010402_19v4,SW제품기업 외부 환경 분석,20010104,SW제품기획,정보기술전략·계획,정보기술,정보통신,19v4,5,N,N
2001010403_19v4,SW제품 기술 검토,20010104,SW제품기획,정보기술전략·계획,정보기술,정보통신,19v4,6,N,N
2001010404_19v4,SW제품 시장성 분석,20010104,SW제품기획,정보기술전략·계획,정보기술,정보통신,19v4,6,N,N
2001010405_19v4,SW제품 명세 작성,20010104,SW제품기획,정보기술전략·계획,정보기술,정보통신,19v4,5,N,N
2001010406_19v4,SW제품 중장기 로드맵 수립,20010104,SW제품기획,정보기술전략·계획,정보기술,정보통신,19v4,7,N,N
2001010407_19v4,SW제품 개발 계획 수립,20010104,SW제품기획,정보기술전략·계획,정보기술,정보통신,19v4,6,N,N
2001010408_19v4,SW제품 지원 계획 수립,20010104,SW제품기획,정보기술전략·계획,정보기술,정보통신,19v4,6,N,N
2001010409_19v4,SW제품 판매 계획 수립,20010104,SW제품기획,정보기술전략·계획,정보기술,정보통신,19v4,6,N,N
2001010410_19v4,SW제품 마케팅 계획 수립,20010104,SW제품기획,정보기술전략·계획,정보기술,정보통신,19v4,6,N,N
2001010509_21v4,빅데이터 분석 결과 시각화,20010105,빅데이터분석,정보기술전략·계획,정보기술,정보통신,21v4,6,N,N
2001010510_21v4,분석 데이터 전처리,20010105,빅데이터분석,정보기술전략·계획,정보기술,정보통신,21v4,5,N,N
2001010511_21v4,탐색적 데이터 분석,20010105,빅데이터분석,정보기술전략·계획,정보기술,정보통신,21v4,6,N,N
2001010512_21v1,분석 데이터 피처(Feature) 엔지니어링,20010105,빅데이터분석,정보기술전략·계획,정보기술,정보통신,21v1,7,N,N
2001010513_21v1,빅데이터 분석 모델링,20010105,빅데이터분석,정보기술전략·계획,정보기술,정보통신,21v1,7,N,N
2001010514_21v1,빅데이터 분석 결과 평가,20010105,빅데이터분석,정보기술전략·계획,정보기술,정보통신,21v1,7,N,N
2001010515_21v1,빅데이터 분석 플로우 구성,20010105,빅데이터분석,정보기술전략·계획,정보기술,정보통신,21v1,7,N,N
2001010516_21v1,데이터 분석 기초 기술 활용,20010105,빅데이터분석,정보기술전략·계획,정보기술,정보통신,21v1,5,N,N
2001010601_19v2,IoT 환경분석,20010106,IoT융합서비스기획,정보기술전략·계획,정보기술,정보통신,19v2,5,N,N
2001010602_19v2,IoT 비즈니스 모델 개발,20010106,IoT융합서비스기획,정보기술전략·계획,정보기술,정보통신,19v2,7,N,N
2001010603_19v2,IoT 서비스 모형 기획,20010106,IoT융합서비스기획,정보기술전략·계획,정보기술,정보통신,19v2,5,N,N
2001010604_19v2,IoT 디바이스 기획,20010106,IoT융합서비스기획,정보기술전략·계획,정보기술,정보통신,19v2,5,N,N
2001010605_19v2,IoT 네트워크 기획,20010106,IoT융합서비스기획,정보기술전략·계획,정보기술,정보통신,19v2,6,N,N
2001010606_19v2,IoT 플랫폼 기획,20010106,IoT융합서비스기획,정보기술전략·계획,정보기술,정보통신,19v2,6,N,N
2001010607_19v2,IoT 응용소프트웨어 기획,20010106,IoT융합서비스기획,정보기술전략·계획,정보기술,정보통신,19v2,5,N,N
2001010608_19v2,IoT 데이터 응용 계획,20010106,IoT융합서비스기획,정보기술전략·계획,정보기술,정보통신,19v2,6,N,N
2001010609_19v2,IoT 보안 적용 계획,20010106,IoT융합서비스기획,정보기술전략·계획,정보기술,정보통신,19v2,6,N,N
2001010610_19v2,IoT 마케팅 계획 수립,20010106,IoT융합서비스기획,정보기술전략·계획,정보기술,정보통신,19v2,6,N,N
2001010611_19v2,IoT 서비스 관리계획 수립,20010106,IoT융합서비스기획,정보기술전략·계획,정보기술,정보통신,19v2,4,N,N
2001010701_24v3,빅데이터 서비스 기획,20010107,빅데이터기획,정보기술전략·계획,정보기술,정보통신,24v3,8,N,N
2001010702_24v3,빅데이터 환경분석,20010107,빅데이터기획,정보기술전략·계획,정보기술,정보통신,24v3,6,N,N
2001010703_24v3,빅데이터 분석 기획,20010107,빅데이터기획,정보기술전략·계획,정보기술,정보통신,24v3,6,N,N
2001010704_24v3,빅데이터 기술 플랫폼 기획,20010107,빅데이터기획,정보기술전략·계획,정보기술,정보통신,24v3,7,N,N
2001010705_24v3,빅데이터 성과 관리 기획,20010107,빅데이터기획,정보기술전략·계획,정보기술,정보통신,24v3,6,N,N
2001010706_24v3,빅데이터 활용 기획,20010107,빅데이터기획,정보기술전략·계획,정보기술,정보통신,24v3,7,N,N
2001010707_24v3,빅데이터 운영 기획,20010107,빅데이터기획,정보기술전략·계획,정보기술,정보통신,24v3,7,N,N
2001010801_19v2,핀테크 환경 분석,20010108,핀테크기술기획,정보기술전략·계획,정보기술,정보통신,19v2,5,N,N
2001010802_19v2,핀테크 데이터 분석,20010108,핀테크기술기획,정보기술전략·계획,정보기술,정보통신,19v2,5,N,N
2001010803_19v2,핀테크 기술 분석,20010108,핀테크기술기획,정보기술전략·계획,정보기술,정보통신,19v2,6,N,N
2001010804_19v2,핀테크 서비스 기획,20010108,핀테크기술기획,정보기술전략·계획,정보기술,정보통신,19v2,6,N,N
2001010805_19v2,핀테크 플랫폼 기획,20010108,핀테크기술기획,정보기술전략·계획,정보기술,정보통신,19v2,6,N,N
2001010806_19v2,핀테크 보안 관리 계획,20010108,핀테크기술기획,정보기술전략·계획,정보기술,정보통신,19v2,5,N,N
2001010807_19v2,핀테크 시스템 구축 계획,20010108,핀테크기술기획,정보기술전략·계획,정보기술,정보통신,19v2,6,N,N
2001010808_19v2,핀테크 마케팅 계획,20010108,핀테크기술기획,정보기술전략·계획,정보기술,정보통신,19v2,5,N,N
2001010809_19v2,핀테크 기술 전략 수립,20010108,핀테크기술기획,정보기술전략·계획,정보기술,정보통신,19v2,7,N,N
2001020101_19v4,SW아키텍처 수행 관리,20010201,SW아키텍처,정보기술개발,정보기술,정보통신,19v4,7,N,N
2001020102_19v5,SW아키텍처 비전 수립,20010201,SW아키텍처,정보기술개발,정보기술,정보통신,19v5,8,N,N
2001020104_19v5,SW아키텍처 요소기술선정,20010201,SW아키텍처,정보기술개발,정보기술,정보통신,19v5,6,N,N
2001020106_19v4,SW아키텍처 이행,20010201,SW아키텍처,정보기술개발,정보기술,정보통신,19v4,4,N,N
2001020107_19v4,SW아키텍처 테스트,20010201,SW아키텍처,정보기술개발,정보기술,정보통신,19v4,6,N,N
2001020108_19v4,SW 개발 지원,20010201,SW아키텍처,정보기술개발,정보기술,정보통신,19v4,5,N,N
2001020109_19v4,SW아키텍처 변경 관리,20010201,SW아키텍처,정보기술개발,정보기술,정보통신,19v4,6,N,N
2001020110_19v5,SW아키텍처 요구사항 명세화,20010201,SW아키텍처,정보기술개발,정보기술,정보통신,19v5,7,N,N
2001020111_19v5,후보 SW아키텍처 명세화,20010201,SW아키텍처,정보기술개발,정보기술,정보통신,19v5,7,N,N
2001020112_19v5,SW아키텍처 설계,20010201,SW아키텍처,정보기술개발,정보기술,정보통신,19v5,7,N,N
2001020113_19v5,SW아키텍처 문서화,20010201,SW아키텍처,정보기술개발,정보기술,정보통신,19v5,7,N,N
2001020201_23v5,요구사항 확인,20010202,응용SW엔지니어링,정보기술개발,정보기술,정보통신,23v5,5,N,N
2001020205_23v6,데이터 입출력 구현,20010202,응용SW엔지니어링,정보기술개발,정보기술,정보통신,23v6,5,N,N
2001020206_23v6,통합 구현,20010202,응용SW엔지니어링,정보기술개발,정보기술,정보통신,23v6,5,N,N
2001020208_23v5,정보시스템 이행,20010202,응용SW엔지니어링,정보기술개발,정보기술,정보통신,23v5,5,N,N
2001020209_23v6,제품소프트웨어 패키징,20010202,응용SW엔지니어링,정보기술개발,정보기술,정보통신,23v6,5,N,N
2001020211_23v6,서버프로그램 구현,20010202,응용SW엔지니어링,정보기술개발,정보기술,정보통신,23v6,5,N,N
2001020212_23v6,인터페이스 구현,20010202,응용SW엔지니어링,정보기술개발,정보기술,정보통신,23v6,5,N,N
2001020214_23v6,애플리케이션 배포,20010202,응용SW엔지니어링,정보기술개발,정보기술,정보통신,23v6,3,N,N
2001020217_23v6,애플리케이션 리팩토링,20010202,응용SW엔지니어링,정보기술개발,정보기술,정보통신,23v6,6,N,N
2001020218_23v6,인터페이스 설계,20010202,응용SW엔지니어링,정보기술개발,정보기술,정보통신,23v6,6,N,N
2001020219_23v6,애플리케이션 요구사항 분석,20010202,응용SW엔지니어링,정보기술개발,정보기술,정보통신,23v6,7,N,N
2001020220_23v3,기능 모델링,20010202,응용SW엔지니어링,정보기술개발,정보기술,정보통신,23v3,6,N,N
2001020221_23v6,애플리케이션 설계,20010202,응용SW엔지니어링,정보기술개발,정보기술,정보통신,23v6,6,N,N
2001020222_23v6,정적모델 설계,20010202,응용SW엔지니어링,정보기술개발,정보기술,정보통신,23v6,6,N,N
2001020223_23v6,동적모델 설계,20010202,응용SW엔지니어링,정보기술개발,정보기술,정보통신,23v6,6,N,N
2001020224_23v6,화면 설계,20010202,응용SW엔지니어링,정보기술개발,정보기술,정보통신,23v6,5,N,N
2001020225_23v6,화면 구현,20010202,응용SW엔지니어링,정보기술개발,정보기술,정보통신,23v6,3,N,N
2001020226_23v6,애플리케이션 테스트 관리,20010202,응용SW엔지니어링,정보기술개발,정보기술,정보통신,23v6,5,N,N
2001020227_23v6,애플리케이션 테스트 수행,20010202,응용SW엔지니어링,정보기술개발,정보기술,정보통신,23v6,3,N,N
2001020228_23v6,소프트웨어공학 활용,20010202,응용SW엔지니어링,정보기술개발,정보기술,정보통신,23v6,6,N,N
2001020229_23v6,소프트웨어개발 방법론 활용,20010202,응용SW엔지니어링,정보기술개발,정보기술,정보통신,23v6,6,N,N
2001020230_23v5,프로그래밍 언어 응용,20010202,응용SW엔지니어링,정보기술개발,정보기술,정보통신,23v5,3,N,N
2001020231_23v5,프로그래밍 언어 활용,20010202,응용SW엔지니어링,정보기술개발,정보기술,정보통신,23v5,2,N,N
2001020232_23v5,응용SW 기초 기술 활용,20010202,응용SW엔지니어링,정보기술개발,정보기술,정보통신,23v5,3,N,N
2001020233_23v5,개발자 환경 구축,20010202,응용SW엔지니어링,정보기술개발,정보기술,정보통신,23v5,2,N,N
2001020234_23v2,개발 환경 운영 지원,20010202,응용SW엔지니어링,정보기술개발,정보기술,정보통신,23v2,2,N,N
2001020235_23v1,자료구조 활용,20010202,응용SW엔지니어링,정보기술개발,정보기술,정보통신,23v1,5,N,N
2001020301_24v4,하드웨어 분석,20010203,임베디드SW엔지니어링,정보기술개발,정보기술,정보통신,24v4,5,N,N
2001020309_24v6,임베디드 시스템 테스팅,20010203,임베디드SW엔지니어링,정보기술개발,정보기술,정보통신,24v6,5,N,N
2001020310_24v4,기술문서 개발,20010203,임베디드SW엔지니어링,정보기술개발,정보기술,정보통신,24v4,4,N,N
2001020311_24v5,펌웨어 분석,20010203,임베디드SW엔지니어링,정보기술개발,정보기술,정보통신,24v5,5,N,N
2001020312_24v6,펌웨어 설계,20010203,임베디드SW엔지니어링,정보기술개발,정보기술,정보통신,24v6,5,N,N
2001020313_24v6,펌웨어 구현 환경 구축,20010203,임베디드SW엔지니어링,정보기술개발,정보기술,정보통신,24v6,4,N,N
2001020314_24v7,펌웨어 구현,20010203,임베디드SW엔지니어링,정보기술개발,정보기술,정보통신,24v7,5,N,N
2001020315_24v7,운영체제 커널 분석,20010203,임베디드SW엔지니어링,정보기술개발,정보기술,정보통신,24v7,5,N,N
2001020316_24v6,운영체제 이식,20010203,임베디드SW엔지니어링,정보기술개발,정보기술,정보통신,24v6,6,N,N
2001020317_24v5,디바이스 드라이버 분석,20010203,임베디드SW엔지니어링,정보기술개발,정보기술,정보통신,24v5,6,N,N
2001020318_24v6,디바이스 드라이버 설계,20010203,임베디드SW엔지니어링,정보기술개발,정보기술,정보통신,24v6,6,N,N
2001020319_24v6,디바이스 드라이버 구현 환경 구축,20010203,임베디드SW엔지니어링,정보기술개발,정보기술,정보통신,24v6,5,N,N
2001020320_24v7,디바이스 드라이버 구현,20010203,임베디드SW엔지니어링,정보기술개발,정보기술,정보통신,24v7,6,N,N
2001020321_24v6,임베디드 애플리케이션 분석,20010203,임베디드SW엔지니어링,정보기술개발,정보기술,정보통신,24v6,5,N,N
2001020322_24v7,임베디드 애플리케이션 설계,20010203,임베디드SW엔지니어링,정보기술개발,정보기술,정보통신,24v7,5,N,N
2001020323_24v6,임베디드 애플리케이션 구현 환경 구축,20010203,임베디드SW엔지니어링,정보기술개발,정보기술,정보통신,24v6,4,N,N
2001020324_24v7,임베디드 애플리케이션 구현,20010203,임베디드SW엔지니어링,정보기술개발,정보기술,정보통신,24v7,5,N,N
2001020325_24v3,오픈 플랫폼 활용,20010203,임베디드SW엔지니어링,정보기술개발,정보기술,정보통신,24v3,3,N,N
2001020326_24v3,임베디드 SW 요구사항 분석,20010203,임베디드SW엔지니어링,정보기술개발,정보기술,정보통신,24v3,6,N,N
2001020327_24v2,임베디드 SW 운영관리,20010203,임베디드SW엔지니어링,정보기술개발,정보기술,정보통신,24v2,3,N,N
2001020328_24v2,임베디드 SW 아키텍처 설계,20010203,임베디드SW엔지니어링,정보기술개발,정보기술,정보통신,24v2,6,N,N
2001020329_24v1,엣지컴퓨팅 서비스 기획,20010203,임베디드SW엔지니어링,정보기술개발,정보기술,정보통신,24v1,6,N,N
2001020330_24v1,엣지컴퓨팅 서비스 설계,20010203,임베디드SW엔지니어링,정보기술개발,정보기술,정보통신,24v1,5,N,N
2001020331_24v1,엣지컴퓨팅 서비스 구현,20010203,임베디드SW엔지니어링,정보기술개발,정보기술,정보통신,24v1,5,N,N
2001020401_19v4,데이터베이스 요구사항 분석,20010204,DB엔지니어링,정보기술개발,정보기술,정보통신,19v4,6,N,N
2001020402_19v4,개념데이터 모델링,20010204,DB엔지니어링,정보기술개발,정보기술,정보통신,19v4,7,N,N
2001020403_19v4,논리 데이터베이스 설계,20010204,DB엔지니어링,정보기술개발,정보기술,정보통신,19v4,6,N,N
2001020404_19v4,물리 데이터베이스 설계,20010204,DB엔지니어링,정보기술개발,정보기술,정보통신,19v4,6,N,N
2001020405_19v4,데이터베이스 구현,20010204,DB엔지니어링,정보기술개발,정보기술,정보통신,19v4,4,N,N
2001020408_19v4,데이터베이스 성능확보,20010204,DB엔지니어링,정보기술개발,정보기술,정보통신,19v4,6,N,N
2001020411_19v4,데이터 전환 설계,20010204,DB엔지니어링,정보기술개발,정보기술,정보통신,19v4,6,N,N
2001020412_19v4,데이터 전환,20010204,DB엔지니어링,정보기술개발,정보기술,정보통신,19v4,5,N,N
2001020413_19v4,SQL활용,20010204,DB엔지니어링,정보기술개발,정보기술,정보통신,19v4,3,N,N
2001020414_19v4,SQL응용,20010204,DB엔지니어링,정보기술개발,정보기술,정보통신,19v4,5,N,N
2001020415_19v1,SQL작성,20010204,DB엔지니어링,정보기술개발,정보기술,정보통신,19v1,2,N,N
2001020501_25v5,네트워크 환경 분석,20010205,NW엔지니어링,정보기술개발,정보기술,정보통신,25v5,7,N,N
2001020503_25v5,네트워크 토폴로지 설계,20010205,NW엔지니어링,정보기술개발,정보기술,정보통신,25v5,6,N,N
2001020504_25v5,네트워크 자원관리 설계,20010205,NW엔지니어링,정보기술개발,정보기술,정보통신,25v5,5,N,N
2001020505_25v5,네트워크 QoS 제어 설계,20010205,NW엔지니어링,정보기술개발,정보기술,정보통신,25v5,6,N,N
2001020506_25v5,네트워크 소프트웨어아키텍처 수립,20010205,NW엔지니어링,정보기술개발,정보기술,정보통신,25v5,6,N,N
2001020507_25v5,네트워크 소프트웨어 개발 방법 수립,20010205,NW엔지니어링,정보기술개발,정보기술,정보통신,25v5,5,N,N
2001020508_25v4,네트워크 프로그래밍 구현,20010205,NW엔지니어링,정보기술개발,정보기술,정보통신,25v4,3,N,N
2001020510_25v5,네트워크 프로젝트 관리,20010205,NW엔지니어링,정보기술개발,정보기술,정보통신,25v5,7,N,N
2001020511_25v5,네트워크 프로토콜 분석,20010205,NW엔지니어링,정보기술개발,정보기술,정보통신,25v5,5,N,N
2001020512_25v5,네트워크 프로토콜 설계,20010205,NW엔지니어링,정보기술개발,정보기술,정보통신,25v5,5,N,N
2001020513_25v5,네트워크 자원 분석,20010205,NW엔지니어링,정보기술개발,정보기술,정보통신,25v5,4,N,N
2001020514_25v5,네트워크 QoS 수준 정의,20010205,NW엔지니어링,정보기술개발,정보기술,정보통신,25v5,5,N,N
2001020515_25v4,네트워크 프로그램 최적화,20010205,NW엔지니어링,정보기술개발,정보기술,정보통신,25v4,4,N,N
2001020516_25v5,네트워크 품질 평가 계획,20010205,NW엔지니어링,정보기술개발,정보기술,정보통신,25v5,6,N,N
2001020517_25v5,네트워크 품질 평가 실행,20010205,NW엔지니어링,정보기술개발,정보기술,정보통신,25v5,3,N,N
2001020518_25v5,프로토콜 패킷 분석,20010205,NW엔지니어링,정보기술개발,정보기술,정보통신,25v5,3,N,N
2001020601_25v6,보안 구축 계획 수립,20010206,보안엔지니어링,정보기술개발,정보기술,정보통신,25v6,5,N,N
2001020603_25v6,보안 구축 요구사항 분석,20010206,보안엔지니어링,정보기술개발,정보기술,정보통신,25v6,5,N,N
2001020604_25v6,관리적 보안 구축,20010206,보안엔지니어링,정보기술개발,정보기술,정보통신,25v6,6,N,N
2001020605_25v5,물리적 보안 구축,20010206,보안엔지니어링,정보기술개발,정보기술,정보통신,25v5,3,N,N
2001020610_25v6,보안인증 관리,20010206,보안엔지니어링,정보기술개발,정보기술,정보통신,25v6,6,N,N
2001020611_25v6,SW개발 보안 구축,20010206,보안엔지니어링,정보기술개발,정보기술,정보통신,25v6,5,N,N
2001020612_25v6,DB보안 구축,20010206,보안엔지니어링,정보기술개발,정보기술,정보통신,25v6,5,N,N
2001020613_25v6,시스템 보안 구축,20010206,보안엔지니어링,정보기술개발,정보기술,정보통신,25v6,5,N,N
2001020614_25v6,네트워크 보안 구축,20010206,보안엔지니어링,정보기술개발,정보기술,정보통신,25v6,5,N,N
2001020701_25v4,UI/UX 환경 분석,20010207,UI/UX엔지니어링,정보기술개발,정보기술,정보통신,25v4,6,N,N
2001020702_25v4,UI/UX 계획 수립,20010207,UI/UX엔지니어링,정보기술개발,정보기술,정보통신,25v4,7,N,N
2001020703_25v4,사용자 리서치,20010207,UI/UX엔지니어링,정보기술개발,정보기술,정보통신,25v4,6,N,N
2001020704_25v4,UI/UX 요구 분석,20010207,UI/UX엔지니어링,정보기술개발,정보기술,정보통신,25v4,5,N,N
2001020705_25v3,UI/UX 콘셉트 기획,20010207,UI/UX엔지니어링,정보기술개발,정보기술,정보통신,25v3,6,N,N
2001020706_25v3,UI 아키텍처 설계,20010207,UI/UX엔지니어링,정보기술개발,정보기술,정보통신,25v3,5,N,N
2001020707_25v4,UI 디자인,20010207,UI/UX엔지니어링,정보기술개발,정보기술,정보통신,25v4,4,N,N
2001020708_25v4,UI 구현 점검,20010207,UI/UX엔지니어링,정보기술개발,정보기술,정보통신,25v4,3,N,N
2001020709_25v4,UI 테스트,20010207,UI/UX엔지니어링,정보기술개발,정보기술,정보통신,25v4,3,N,N
2001020710_25v3,UI/UX 가이드 제작,20010207,UI/UX엔지니어링,정보기술개발,정보기술,정보통신,25v3,4,N,N
2001020711_25v4,GUI 상세디자인,20010207,UI/UX엔지니어링,정보기술개발,정보기술,정보통신,25v4,3,N,N
2001020712_25v4,UI 제작,20010207,UI/UX엔지니어링,정보기술개발,정보기술,정보통신,25v4,2,N,N
2001020801_23v4,시스템SW 요구사항 분석,20010208,시스템SW엔지니어링,정보기술개발,정보기술,정보통신,23v4,7,N,N
2001020802_23v4,시스템SW 아키텍처 설계,20010208,시스템SW엔지니어링,정보기술개발,정보기술,정보통신,23v4,7,N,N
2001020803_23v4,시스템SW 상세 설계,20010208,시스템SW엔지니어링,정보기술개발,정보기술,정보통신,23v4,6,N,N
2001020805_23v4,시스템SW 통합 구현,20010208,시스템SW엔지니어링,정보기술개발,정보기술,정보통신,23v4,5,N,N
2001020806_23v4,시스템SW 테스트,20010208,시스템SW엔지니어링,정보기술개발,정보기술,정보통신,23v4,5,N,N
2001020807_23v4,시스템SW 기술문서 작성,20010208,시스템SW엔지니어링,정보기술개발,정보기술,정보통신,23v4,6,N,N
2001020808_23v3,시스템SW 배포,20010208,시스템SW엔지니어링,정보기술개발,정보기술,정보통신,23v3,4,N,N
2001020809_23v4,시스템SW 단위 모듈 구현,20010208,시스템SW엔지니어링,정보기술개발,정보기술,정보통신,23v4,5,N,N
2001020810_23v4,시스템SW 인터페이스 구현,20010208,시스템SW엔지니어링,정보기술개발,정보기술,정보통신,23v4,5,N,N
2001020811_23v3,시스템SW 운영관리,20010208,시스템SW엔지니어링,정보기술개발,정보기술,정보통신,23v3,5,N,N
2001020812_23v1,시스템 하드웨어 분석,20010208,시스템SW엔지니어링,정보기술개발,정보기술,정보통신,23v1,5,N,N
2001020813_23v1,시스템 하드웨어 제어,20010208,시스템SW엔지니어링,정보기술개발,정보기술,정보통신,23v1,5,N,N
2001020901_24v3,빅데이터 플랫폼 요구사항 분석,20010209,빅데이터플랫폼구축,정보기술개발,정보기술,정보통신,24v3,7,N,N
2001020902_24v3,빅데이터 플랫폼 아키텍처 설계,20010209,빅데이터플랫폼구축,정보기술개발,정보기술,정보통신,24v3,6,N,N
2001020903_24v3,빅데이터 수집시스템 개발,20010209,빅데이터플랫폼구축,정보기술개발,정보기술,정보통신,24v3,4,N,N
2001020904_24v3,빅데이터 저장시스템 개발,20010209,빅데이터플랫폼구축,정보기술개발,정보기술,정보통신,24v3,4,N,N
2001020905_24v3,빅데이터 처리시스템 개발,20010209,빅데이터플랫폼구축,정보기술개발,정보기술,정보통신,24v3,5,N,N
2001020906_24v3,빅데이터 분석시스템 개발,20010209,빅데이터플랫폼구축,정보기술개발,정보기술,정보통신,24v3,5,N,N
2001020907_24v3,빅데이터 품질관리시스템 개발,20010209,빅데이터플랫폼구축,정보기술개발,정보기술,정보통신,24v3,5,N,N
2001020908_24v3,빅데이터 플랫폼 테스트,20010209,빅데이터플랫폼구축,정보기술개발,정보기술,정보통신,24v3,3,N,N
2001021001_19v2,핀테크 요구사항 분석,20010210,핀테크엔지니어링,정보기술개발,정보기술,정보통신,19v2,7,N,N
2001021002_19v2,핀테크 인프라 설계,20010210,핀테크엔지니어링,정보기술개발,정보기술,정보통신,19v2,6,N,N
2001021003_19v2,핀테크 인터페이스 설계,20010210,핀테크엔지니어링,정보기술개발,정보기술,정보통신,19v2,6,N,N
2001021004_19v2,핀테크 기능 설계,20010210,핀테크엔지니어링,정보기술개발,정보기술,정보통신,19v2,6,N,N
2001021005_19v2,핀테크 보안·인증 설계,20010210,핀테크엔지니어링,정보기술개발,정보기술,정보통신,19v2,6,N,N
2001021006_19v2,핀테크 인터페이스 구현,20010210,핀테크엔지니어링,정보기술개발,정보기술,정보통신,19v2,5,N,N
2001021007_19v2,핀테크 기능 구현,20010210,핀테크엔지니어링,정보기술개발,정보기술,정보통신,19v2,5,N,N
2001021008_19v2,핀테크 보안·인증 구현,20010210,핀테크엔지니어링,정보기술개발,정보기술,정보통신,19v2,5,N,N
2001021009_19v2,핀테크 테스트,20010210,핀테크엔지니어링,정보기술개발,정보기술,정보통신,19v2,4,N,N
2001021101_19v2,데이터 아키텍처 구축 계획 수립,20010211,데이터아키텍처,정보기술개발,정보기술,정보통신,19v2,7,N,N
2001021102_19v2,데이터 거버넌스 수립,20010211,데이터아키텍처,정보기술개발,정보기술,정보통신,19v2,8,N,N
2001021103_19v2,데이터 아키텍처 요구사항 분석,20010211,데이터아키텍처,정보기술개발,정보기술,정보통신,19v2,7,N,N
2001021104_19v2,데이터 아키텍처 설계,20010211,데이터아키텍처,정보기술개발,정보기술,정보통신,19v2,7,N,N
2001021105_19v2,데이터 표준 수립,20010211,데이터아키텍처,정보기술개발,정보기술,정보통신,19v2,6,N,N
2001021106_19v2,데이터 모델 검증,20010211,데이터아키텍처,정보기술개발,정보기술,정보통신,19v2,7,N,N
2001021107_19v2,데이터베이스 검증,20010211,데이터아키텍처,정보기술개발,정보기술,정보통신,19v2,7,N,N
2001021108_19v2,데이터 품질관리 계획 수립,20010211,데이터아키텍처,정보기술개발,정보기술,정보통신,19v2,7,N,N
2001021109_19v2,데이터 품질 검증,20010211,데이터아키텍처,정보기술개발,정보기술,정보통신,19v2,6,N,N
2001021110_19v2,데이터 아키텍처 수행관리,20010211,데이터아키텍처,정보기술개발,정보기술,정보통신,19v2,7,N,N
2001021201_19v1,IoT시스템 연동 계획,20010212,IoT시스템연동,정보기술개발,정보기술,정보통신,19v1,5,N,N
2001021202_19v1,IoT시스템 연동 설계,20010212,IoT시스템연동,정보기술개발,정보기술,정보통신,19v1,5,N,N
2001021203_19v1,IoT시스템 연동 모듈 개발,20010212,IoT시스템연동,정보기술개발,정보기술,정보통신,19v1,5,N,N
2001021204_19v1,외부 서비스 연동,20010212,IoT시스템연동,정보기술개발,정보기술,정보통신,19v1,4,N,N
2001021205_19v1,서버 연동,20010212,IoT시스템연동,정보기술개발,정보기술,정보통신,19v1,4,N,N
2001021206_19v1,게이트웨이 연동,20010212,IoT시스템연동,정보기술개발,정보기술,정보통신,19v1,4,N,N
2001021207_19v1,스마트 디바이스 연동,20010212,IoT시스템연동,정보기술개발,정보기술,정보통신,19v1,4,N,N
2001021208_19v1,엣지 디바이스 연동,20010212,IoT시스템연동,정보기술개발,정보기술,정보통신,19v1,4,N,N
2001021209_19v1,IoT시스템 연동 시험,20010212,IoT시스템연동,정보기술개발,정보기술,정보통신,19v1,3,N,N
2001021301_25v2,인프라스트럭쳐 현황분석,20010213,인프라스트럭쳐아키텍처구축,정보기술개발,정보기술,정보통신,25v2,7,N,N
2001021302_25v2,인프라스트럭쳐 아키텍처 요구사항 정의,20010213,인프라스트럭쳐아키텍처구축,정보기술개발,정보기술,정보통신,25v2,6,N,N
2001021303_25v2,인프라스트럭쳐 목표 아키텍처 설계,20010213,인프라스트럭쳐아키텍처구축,정보기술개발,정보기술,정보통신,25v2,7,N,N
2001021304_25v2,서버 구성,20010213,인프라스트럭쳐아키텍처구축,정보기술개발,정보기술,정보통신,25v2,5,N,N
2001021305_25v2,스토리지 구성,20010213,인프라스트럭쳐아키텍처구축,정보기술개발,정보기술,정보통신,25v2,5,N,N
2001021306_25v2,네트워크 구성,20010213,인프라스트럭쳐아키텍처구축,정보기술개발,정보기술,정보통신,25v2,5,N,N
2001021307_25v2,클라우드 인프라스트럭쳐 서비스 구성,20010213,인프라스트럭쳐아키텍처구축,정보기술개발,정보기술,정보통신,25v2,5,N,N
2001021308_25v2,인프라스트럭쳐 아키텍처 구성 점검,20010213,인프라스트럭쳐아키텍처구축,정보기술개발,정보기술,정보통신,25v2,6,N,N
2001021309_25v2,인프라스트럭쳐 관리체계 수립,20010213,인프라스트럭쳐아키텍처구축,정보기술개발,정보기술,정보통신,25v2,6,N,N
2001021401_21v1,클라우드 솔루션 요구사항 분석,20010214,클라우드솔루션아키텍처,정보기술개발,정보기술,정보통신,21v1,7,N,N
2001021402_21v1,클라우드 솔루션 구조 설계,20010214,클라우드솔루션아키텍처,정보기술개발,정보기술,정보통신,21v1,7,N,N
2001021403_21v1,클라우드 솔루션 보안 설계,20010214,클라우드솔루션아키텍처,정보기술개발,정보기술,정보통신,21v1,7,N,N
2001021404_21v1,클라우드 솔루션 서비스 설계,20010214,클라우드솔루션아키텍처,정보기술개발,정보기술,정보통신,21v1,7,N,N
2001021405_21v1,클라우드 서비스 비용 최적화 설계,20010214,클라우드솔루션아키텍처,정보기술개발,정보기술,정보통신,21v1,6,N,N
2001021406_21v1,클라우드 솔루션 전환 설계,20010214,클라우드솔루션아키텍처,정보기술개발,정보기술,정보통신,21v1,6,N,N
2001021407_21v1,클라우드 솔루션 배포 방안 수립,20010214,클라우드솔루션아키텍처,정보기술개발,정보기술,정보통신,21v1,6,N,N
2001021408_21v1,클라우드 솔루션 운영 방안 수립,20010214,클라우드솔루션아키텍처,정보기술개발,정보기술,정보통신,21v1,6,N,N
2001021501_21v1,클라우드 인프라스트럭쳐 서비스 정책 수립,20010215,클라우드인프라스트럭쳐엔지니어링,정보기술개발,정보기술,정보통신,21v1,7,N,N
2001021502_21v1,클라우드 인프라스트럭쳐 서비스 아키텍처 수립,20010215,클라우드인프라스트럭쳐엔지니어링,정보기술개발,정보기술,정보통신,21v1,7,N,N
2001021503_21v1,클라우드 서버 서비스 설계,20010215,클라우드인프라스트럭쳐엔지니어링,정보기술개발,정보기술,정보통신,21v1,6,N,N
2001021504_21v1,클라우드 스토리지 서비스 설계,20010215,클라우드인프라스트럭쳐엔지니어링,정보기술개발,정보기술,정보통신,21v1,6,N,N
2001021505_21v1,클라우드 네트워크 서비스 설계,20010215,클라우드인프라스트럭쳐엔지니어링,정보기술개발,정보기술,정보통신,21v1,6,N,N
2001021506_21v1,클라우드 서버 서비스 개발,20010215,클라우드인프라스트럭쳐엔지니어링,정보기술개발,정보기술,정보통신,21v1,5,N,N
2001021507_21v1,클라우드 스토리지 서비스 개발,20010215,클라우드인프라스트럭쳐엔지니어링,정보기술개발,정보기술,정보통신,21v1,5,N,N
2001021508_21v1,클라우드 네트워크 서비스 개발,20010215,클라우드인프라스트럭쳐엔지니어링,정보기술개발,정보기술,정보통신,21v1,5,N,N
2001021509_21v1,클라우드 인프라스트럭쳐 서비스 테스트,20010215,클라우드인프라스트럭쳐엔지니어링,정보기술개발,정보기술,정보통신,21v1,6,N,N
2001021510_21v1,클라우드 인프라스트럭쳐 서비스 배포,20010215,클라우드인프라스트럭쳐엔지니어링,정보기술개발,정보기술,정보통신,21v1,5,N,N
2001021601_22v1,PaaS 정책 수립,20010216,PaaS엔지니어링,정보기술개발,정보기술,정보통신,22v1,7,N,N
2001021602_22v1,PaaS 아키텍처 수립,20010216,PaaS엔지니어링,정보기술개발,정보기술,정보통신,22v1,7,N,N
2001021603_22v1,PaaS 백엔드 설계,20010216,PaaS엔지니어링,정보기술개발,정보기술,정보통신,22v1,6,N,N
2001021604_22v1,PaaS 프론트엔드 설계,20010216,PaaS엔지니어링,정보기술개발,정보기술,정보통신,22v1,6,N,N
2001021605_22v1,PaaS 백엔드 개발,20010216,PaaS엔지니어링,정보기술개발,정보기술,정보통신,22v1,5,N,N
2001021606_22v1,PaaS 프론트엔드 개발,20010216,PaaS엔지니어링,정보기술개발,정보기술,정보통신,22v1,5,N,N
2001021607_22v1,PaaS 테스트,20010216,PaaS엔지니어링,정보기술개발,정보기술,정보통신,22v1,6,N,N
2001021608_22v1,PaaS 배포,20010216,PaaS엔지니어링,정보기술개발,정보기술,정보통신,22v1,5,N,N
2001021609_22v1,PaaS 운영,20010216,PaaS엔지니어링,정보기술개발,정보기술,정보통신,22v1,5,N,N
2001021701_25v1,AIoT 운영 플랫폼 요구사항 분석,20010217,AIoT운영플랫폼구축,정보기술개발,정보기술,정보통신,25v1,6,N,N
2001021702_25v1,AIoT 운영 플랫폼 구축 계획 수립,20010217,AIoT운영플랫폼구축,정보기술개발,정보기술,정보통신,25v1,6,N,N
2001021703_25v1,AIoT 운영 플랫폼 데이터 수집 기능 구현,20010217,AIoT운영플랫폼구축,정보기술개발,정보기술,정보통신,25v1,5,N,N
2001021704_25v1,AIoT 운영 플랫폼 모니터링 기능 구현,20010217,AIoT운영플랫폼구축,정보기술개발,정보기술,정보통신,25v1,4,N,N
2001021705_25v1,AIoT 운영 플랫폼 통계 분석 기능 구현,20010217,AIoT운영플랫폼구축,정보기술개발,정보기술,정보통신,25v1,5,N,N
2001021706_25v1,AIoT 운영 플랫폼 예측 기능 구현,20010217,AIoT운영플랫폼구축,정보기술개발,정보기술,정보통신,25v1,6,N,N
2001021707_25v1,AIoT 운영 플랫폼 품질 검증,20010217,AIoT운영플랫폼구축,정보기술개발,정보기술,정보통신,25v1,6,N,N
2001021708_25v1,AIoT 운영 플랫폼 이행,20010217,AIoT운영플랫폼구축,정보기술개발,정보기술,정보통신,25v1,5,N,N
2001021709_25v1,AIoT 서비스 플랫폼 환류,20010217,AIoT운영플랫폼구축,정보기술개발,정보기술,정보통신,25v1,6,N,N
2001030101_19v3,IT시스템 운영 기획,20010301,IT시스템관리,정보기술운영,정보기술,정보통신,19v3,7,N,N
2001030102_19v3,IT시스템 자원획득관리,20010301,IT시스템관리,정보기술운영,정보기술,정보통신,19v3,6,N,N
2001030103_19v3,IT시스템 서비스 수준관리,20010301,IT시스템관리,정보기술운영,정보기술,정보통신,19v3,5,N,N
2001030105_19v4,응용SW 운영관리,20010301,IT시스템관리,정보기술운영,정보기술,정보통신,19v4,3,N,N
2001030107_19v4,NW 운영관리,20010301,IT시스템관리,정보기술운영,정보기술,정보통신,19v4,3,N,N
2001030108_19v3,DB 운영관리,20010301,IT시스템관리,정보기술운영,정보기술,정보통신,19v3,5,N,N
2001030109_19v3,보안 운영관리,20010301,IT시스템관리,정보기술운영,정보기술,정보통신,19v3,5,N,N
2001030111_19v4,IT시스템 통합운영관리,20010301,IT시스템관리,정보기술운영,정보기술,정보통신,19v4,3,N,N
2001030112_19v4,IT시스템 통합운영안정성관리,20010301,IT시스템관리,정보기술운영,정보기술,정보통신,19v4,5,N,N
2001030113_19v4,응용SW 변경관리,20010301,IT시스템관리,정보기술운영,정보기술,정보통신,19v4,5,N,N
2001030114_19v4,HW 단말장치 운영관리,20010301,IT시스템관리,정보기술운영,정보기술,정보통신,19v4,3,N,N
2001030115_19v4,IT시스템 서버 운영관리,20010301,IT시스템관리,정보기술운영,정보기술,정보통신,19v4,5,N,N
2001030116_19v4,NW 유지보수,20010301,IT시스템관리,정보기술운영,정보기술,정보통신,19v4,4,N,N
2001030117_19v4,서비스데스크 구축,20010301,IT시스템관리,정보기술운영,정보기술,정보통신,19v4,4,N,N
2001030118_19v4,서비스데스크 운영,20010301,IT시스템관리,정보기술운영,정보기술,정보통신,19v4,3,N,N
2001030119_19v4,IT시스템 변경관리,20010301,IT시스템관리,정보기술운영,정보기술,정보통신,19v4,4,N,N
2001030202_19v4,IT기술교육 체계수립,20010302,IT기술교육,정보기술운영,정보기술,정보통신,19v4,6,N,N
2001030203_19v4,IT기술교육 요구조사,20010302,IT기술교육,정보기술운영,정보기술,정보통신,19v4,5,N,N
2001030204_19v3,IT기술교육 환경조성,20010302,IT기술교육,정보기술운영,정보기술,정보통신,19v3,3,N,N
2001030205_19v4,IT기술교육 교과개발,20010302,IT기술교육,정보기술운영,정보기술,정보통신,19v4,6,N,N
2001030206_19v4,IT기술교육 자료개발,20010302,IT기술교육,정보기술운영,정보기술,정보통신,19v4,5,N,N
2001030207_19v4,IT기술교육 운영계획수립,20010302,IT기술교육,정보기술운영,정보기술,정보통신,19v4,5,N,N
2001030208_19v3,IT기술교육 단위과정운영,20010302,IT기술교육,정보기술운영,정보기술,정보통신,19v3,3,N,N
2001030209_19v4,IT기술교육 교수자관리,20010302,IT기술교육,정보기술운영,정보기술,정보통신,19v4,5,N,N
2001030210_19v3,IT기술교육 성과평가,20010302,IT기술교육,정보기술운영,정보기술,정보통신,19v3,6,N,N
2001030211_19v4,IT기술교육 전략계획수립,20010302,IT기술교육,정보기술운영,정보기술,정보통신,19v4,7,N,N
2001030212_19v4,IT기술교육 방향수립,20010302,IT기술교육,정보기술운영,정보기술,정보통신,19v4,6,N,N
2001030301_25v4,기술지원 서비스 기획,20010303,IT기술지원,정보기술운영,정보기술,정보통신,25v4,7,N,N
2001030302_25v4,기술지원 대상 인수,20010303,IT기술지원,정보기술운영,정보기술,정보통신,25v4,6,N,N
2001030303_25v4,기술지원 요청 관리,20010303,IT기술지원,정보기술운영,정보기술,정보통신,25v4,2,N,N
2001030304_25v5,시스템 장애 대응,20010303,IT기술지원,정보기술운영,정보기술,정보통신,25v5,4,N,N
2001030305_25v5,시스템 개선 대응,20010303,IT기술지원,정보기술운영,정보기술,정보통신,25v5,5,N,N
2001030306_25v4,시스템 점검관리,20010303,IT기술지원,정보기술운영,정보기술,정보통신,25v4,3,N,N
2001030307_25v5,기술지원 평가,20010303,IT기술지원,정보기술운영,정보기술,정보통신,25v5,6,N,N
2001030308_25v4,기술지원 이슈관리,20010303,IT기술지원,정보기술운영,정보기술,정보통신,25v4,6,N,N
2001030309_25v5,시스템 형상관리,20010303,IT기술지원,정보기술운영,정보기술,정보통신,25v5,4,N,N
2001030311_25v5,기술지원 품질계획 수립,20010303,IT기술지원,정보기술운영,정보기술,정보통신,25v5,6,N,N
2001030312_25v5,기술지원 품질운영,20010303,IT기술지원,정보기술운영,정보기술,정보통신,25v5,3,N,N
2001030313_25v3,시스템 유지보수관리,20010303,IT기술지원,정보기술운영,정보기술,정보통신,25v3,3,N,N
2001030401_24v3,빅데이터 플랫폼 운영 정책 수립,20010304,빅데이터운영·관리,정보기술운영,정보기술,정보통신,24v3,7,N,N
2001030402_24v3,빅데이터 서비스 운영 계획,20010304,빅데이터운영·관리,정보기술운영,정보기술,정보통신,24v3,7,N,N
2001030403_24v3,빅데이터 서비스 운영 관리,20010304,빅데이터운영·관리,정보기술운영,정보기술,정보통신,24v3,5,N,N
2001030404_24v3,빅데이터 솔루션 운영 계획,20010304,빅데이터운영·관리,정보기술운영,정보기술,정보통신,24v3,7,N,N
2001030405_24v3,빅데이터 솔루션 운영 관리,20010304,빅데이터운영·관리,정보기술운영,정보기술,정보통신,24v3,5,N,N
2001030406_24v3,빅데이터 플랫폼 모니터링,20010304,빅데이터운영·관리,정보기술운영,정보기술,정보통신,24v3,4,N,N
2001030407_24v3,빅데이터 품질 관리,20010304,빅데이터운영·관리,정보기술운영,정보기술,정보통신,24v3,7,N,N
2001030408_24v3,빅데이터 플로우 관리,20010304,빅데이터운영·관리,정보기술운영,정보기술,정보통신,24v3,6,N,N
2001030409_24v3,빅데이터 모델 운영,20010304,빅데이터운영·관리,정보기술운영,정보기술,정보통신,24v3,6,N,N
2001030410_24v3,빅데이터 처리 운영,20010304,빅데이터운영·관리,정보기술운영,정보기술,정보통신,24v3,5,N,N
2001030501_21v1,IoT 시스템 운영·관리 계획,20010305,IoT시스템운영·관리,정보기술운영,정보기술,정보통신,21v1,6,N,N
2001030502_21v1,IoT 응용서비스 운영·관리,20010305,IoT시스템운영·관리,정보기술운영,정보기술,정보통신,21v1,4,N,N
2001030503_21v1,IoT 플랫폼 운영·관리,20010305,IoT시스템운영·관리,정보기술운영,정보기술,정보통신,21v1,5,N,N
2001030504_21v1,IoT 네트워크 운영·관리,20010305,IoT시스템운영·관리,정보기술운영,정보기술,정보통신,21v1,4,N,N
2001030505_21v1,IoT 디바이스 운영·관리,20010305,IoT시스템운영·관리,정보기술운영,정보기술,정보통신,21v1,4,N,N
2001030506_21v1,IoT 시스템 연동 관리,20010305,IoT시스템운영·관리,정보기술운영,정보기술,정보통신,21v1,4,N,N
2001030507_21v1,IoT 운영 데이터 관제,20010305,IoT시스템운영·관리,정보기술운영,정보기술,정보통신,21v1,5,N,N
2001030508_21v1,IoT 보안 운영·관리,20010305,IoT시스템운영·관리,정보기술운영,정보기술,정보통신,21v1,5,N,N
2001030509_21v1,IoT 시스템 변경 관리,20010305,IoT시스템운영·관리,정보기술운영,정보기술,정보통신,21v1,5,N,N
2001030601_24v1,데이터거래 환경 분석,20010306,데이터거래관리,정보기술운영,정보기술,정보통신,24v1,5,N,N
2001030602_24v1,데이터거래플랫폼 현황 분석,20010306,데이터거래관리,정보기술운영,정보기술,정보통신,24v1,5,N,N
2001030603_24v1,데이터거래 대상 선정,20010306,데이터거래관리,정보기술운영,정보기술,정보통신,24v1,6,N,N
2001030604_24v1,거래데이터 확정,20010306,데이터거래관리,정보기술운영,정보기술,정보통신,24v1,5,N,N
2001030605_24v1,데이터 품질 평가,20010306,데이터거래관리,정보기술운영,정보기술,정보통신,24v1,6,N,N
2001030606_24v1,데이터 가치 확보,20010306,데이터거래관리,정보기술운영,정보기술,정보통신,24v1,6,N,N
2001030607_24v1,데이터거래 지원,20010306,데이터거래관리,정보기술운영,정보기술,정보통신,24v1,5,N,N
2001030608_24v1,거래데이터 전달,20010306,데이터거래관리,정보기술운영,정보기술,정보통신,24v1,4,N,N
2001040101_19v3,IT프로젝트 기획관리,20010401,IT프로젝트관리,정보기술관리,정보기술,정보통신,19v3,8,N,N
2001040102_19v3,IT프로젝트 통합관리,20010401,IT프로젝트관리,정보기술관리,정보기술,정보통신,19v3,7,N,N
2001040103_19v3,IT프로젝트 범위관리,20010401,IT프로젝트관리,정보기술관리,정보기술,정보통신,19v3,8,N,N
2001040104_19v3,IT프로젝트 일정관리,20010401,IT프로젝트관리,정보기술관리,정보기술,정보통신,19v3,6,N,N
2001040105_19v3,IT프로젝트 원가관리,20010401,IT프로젝트관리,정보기술관리,정보기술,정보통신,19v3,7,N,N
2001040106_19v3,IT프로젝트 인적자원관리,20010401,IT프로젝트관리,정보기술관리,정보기술,정보통신,19v3,7,N,N
2001040107_19v3,IT프로젝트 품질관리,20010401,IT프로젝트관리,정보기술관리,정보기술,정보통신,19v3,7,N,N
2001040108_19v3,IT프로젝트 위험관리,20010401,IT프로젝트관리,정보기술관리,정보기술,정보통신,19v3,8,N,N
2001040109_19v3,IT프로젝트 의사소통관리,20010401,IT프로젝트관리,정보기술관리,정보기술,정보통신,19v3,7,N,N
2001040110_19v3,IT프로젝트 조달관리,20010401,IT프로젝트관리,정보기술관리,정보기술,정보통신,19v3,7,N,N
2001040111_19v3,IT프로젝트 변경관리,20010401,IT프로젝트관리,정보기술관리,정보기술,정보통신,19v3,6,N,N
2001040112_19v3,IT프로젝트 보안관리,20010401,IT프로젝트관리,정보기술관리,정보기술,정보통신,19v3,6,N,N
2001040113_19v3,IT프로젝트 정보시스템 구축관리,20010401,IT프로젝트관리,정보기술관리,정보기술,정보통신,19v3,6,N,N
2001040114_19v3,IT프로젝트 성과관리,20010401,IT프로젝트관리,정보기술관리,정보기술,정보통신,19v3,7,N,N
2001040201_19v4,IT품질정책 수립,20010402,IT품질보증,정보기술관리,정보기술,정보통신,19v4,8,N,N
2001040202_19v4,IT표준프로세스 수립,20010402,IT품질보증,정보기술관리,정보기술,정보통신,19v4,8,N,N
2001040203_19v4,IT품질관리계획 수립,20010402,IT품질보증,정보기술관리,정보기술,정보통신,19v4,8,N,N
2001040204_19v4,IT품질교육 관리,20010402,IT품질보증,정보기술관리,정보기술,정보통신,19v4,7,N,N
2001040205_19v4,SW품질 평가,20010402,IT품질보증,정보기술관리,정보기술,정보통신,19v4,7,N,N
2001040207_19v4,IT품질보증계획 수립,20010402,IT품질보증,정보기술관리,정보기술,정보통신,19v4,6,N,N
2001040208_19v4,SW제품품질 점검,20010402,IT품질보증,정보기술관리,정보기술,정보통신,19v4,6,N,N
2001040209_19v4,IT프로세스이행 점검,20010402,IT품질보증,정보기술관리,정보기술,정보통신,19v4,6,N,N
2001040210_19v4,IT시정조치 관리,20010402,IT품질보증,정보기술관리,정보기술,정보통신,19v4,6,N,N
2001040211_19v4,IT품질관리활동 개선,20010402,IT품질보증,정보기술관리,정보기술,정보통신,19v4,7,N,N
2001040212_19v4,IT품질관리 개선사항 도출,20010402,IT품질보증,정보기술관리,정보기술,정보통신,19v4,6,N,N
2001040213_19v2,IT품질 관리시스템 구축,20010402,IT품질보증,정보기술관리,정보기술,정보통신,19v2,7,N,N
2001040214_19v2,IT품질 관리시스템 운영,20010402,IT품질보증,정보기술관리,정보기술,정보통신,19v2,6,N,N
2001040301_19v4,테스트 기획,20010403,IT테스트,정보기술관리,정보기술,정보통신,19v4,8,N,N
2001040302_19v4,테스트 진단 컨설팅,20010403,IT테스트,정보기술관리,정보기술,정보통신,19v4,8,N,N
2001040303_21v5,테스트 계획,20010403,IT테스트,정보기술관리,정보기술,정보통신,21v5,7,N,N
2001040309_21v5,테스트 완료,20010403,IT테스트,정보기술관리,정보기술,정보통신,21v5,7,N,N
2001040310_21v5,테스트 자동화,20010403,IT테스트,정보기술관리,정보기술,정보통신,21v5,6,N,N
2001040311_21v5,테스트 분석,20010403,IT테스트,정보기술관리,정보기술,정보통신,21v5,6,N,N
2001040312_21v5,테스트 요구사항 분석,20010403,IT테스트,정보기술관리,정보기술,정보통신,21v5,5,N,N
2001040313_21v5,테스트 설계,20010403,IT테스트,정보기술관리,정보기술,정보통신,21v5,6,N,N
2001040314_21v5,테스트 케이스 설계,20010403,IT테스트,정보기술관리,정보기술,정보통신,21v5,5,N,N
2001040315_21v5,단위테스트 실행,20010403,IT테스트,정보기술관리,정보기술,정보통신,21v5,5,N,N
2001040316_21v5,통합테스트 실행,20010403,IT테스트,정보기술관리,정보기술,정보통신,21v5,5,N,N
2001040317_21v5,시스템테스트 실행,20010403,IT테스트,정보기술관리,정보기술,정보통신,21v5,3,N,N
2001040318_21v5,인수테스트 실행,20010403,IT테스트,정보기술관리,정보기술,정보통신,21v5,3,N,N
2001040319_21v5,테스트 결과 관리,20010403,IT테스트,정보기술관리,정보기술,정보통신,21v5,5,N,N
2001040320_21v5,테스트 관리,20010403,IT테스트,정보기술관리,정보기술,정보통신,21v5,6,N,N
2001040321_21v5,테스트 환경 구축,20010403,IT테스트,정보기술관리,정보기술,정보통신,21v5,6,N,N
2001040322_21v5,테스트 환경 점검,20010403,IT테스트,정보기술관리,정보기술,정보통신,21v5,5,N,N
2001040401_19v3,감리계획수립,20010404,IT감리,정보기술관리,정보기술,정보통신,19v3,8,N,N
2001040402_19v3,현장감리 착수,20010404,IT감리,정보기술관리,정보기술,정보통신,19v3,7,N,N
2001040403_19v3,사업착수단계 현장감리 수행,20010404,IT감리,정보기술관리,정보기술,정보통신,19v3,6,N,N
2001040404_19v3,요구정의단계 현장감리 수행,20010404,IT감리,정보기술관리,정보기술,정보통신,19v3,6,N,N
2001040405_19v3,설계단계 현장감리 수행,20010404,IT감리,정보기술관리,정보기술,정보통신,19v3,6,N,N
2001040406_19v3,종료단계 현장감리 수행,20010404,IT감리,정보기술관리,정보기술,정보통신,19v3,6,N,N
2001040407_19v3,감리수행결과보고서 작성,20010404,IT감리,정보기술관리,정보기술,정보통신,19v3,6,N,N
2001040408_19v3,현장감리 종료,20010404,IT감리,정보기술관리,정보기술,정보통신,19v3,7,N,N
2001040409_19v3,감리수행결과보고서 통보,20010404,IT감리,정보기술관리,정보기술,정보통신,19v3,8,N,N
2001040410_19v3,시정조치 확인,20010404,IT감리,정보기술관리,정보기술,정보통신,19v3,7,N,N
2001040411_19v3,감리종료,20010404,IT감리,정보기술관리,정보기술,정보통신,19v3,7,N,N
2001050101_25v5,기술영업시장 현황분석,20010501,IT기술영업,정보기술영업,정보기술,정보통신,25v5,5,N,N
2001050102_25v5,기술영업 전략수립,20010501,IT기술영업,정보기술영업,정보기술,정보통신,25v5,6,N,N
2001050103_25v5,기술영업 고객 현황분석,20010501,IT기술영업,정보기술영업,정보기술,정보통신,25v5,5,N,N
2001050104_25v5,사전 기술영업,20010501,IT기술영업,정보기술영업,정보기술,정보통신,25v5,5,N,N
2001050105_25v5,수주전략수립,20010501,IT기술영업,정보기술영업,정보기술,정보통신,25v5,7,N,N
2001050106_25v5,기술영업 제안 작업,20010501,IT기술영업,정보기술영업,정보기술,정보통신,25v5,5,N,N
2001050107_25v5,사업계약 협상,20010501,IT기술영업,정보기술영업,정보기술,정보통신,25v5,6,N,N
2001050108_25v5,기술영업 사후관리,20010501,IT기술영업,정보기술영업,정보기술,정보통신,25v5,5,N,N
2001050109_25v5,협력선관리,20010501,IT기술영업,정보기술영업,정보기술,정보통신,25v5,5,N,N
2001050110_25v5,영업관리 지원,20010501,IT기술영업,정보기술영업,정보기술,정보통신,25v5,4,N,N
2001050201_19v4,IT마케팅 환경 분석,20010502,IT마케팅,정보기술영업,정보기술,정보통신,19v4,6,N,N
2001050202_19v3,IT마케팅 목표 설정,20010502,IT마케팅,정보기술영업,정보기술,정보통신,19v3,7,N,N
2001050203_19v4,IT마케팅 STP 전략 수립,20010502,IT마케팅,정보기술영업,정보기술,정보통신,19v4,6,N,N
2001050204_19v3,IT마케팅 4P 전략 수립,20010502,IT마케팅,정보기술영업,정보기술,정보통신,19v3,6,N,N
2001050205_19v3,IT마케팅 제품(Product)관리,20010502,IT마케팅,정보기술영업,정보기술,정보통신,19v3,5,N,N
2001050206_19v3,IT마케팅 가격(Price)관리,20010502,IT마케팅,정보기술영업,정보기술,정보통신,19v3,5,N,N
2001050207_19v4,IT마케팅 유통(Place)관리,20010502,IT마케팅,정보기술영업,정보기술,정보통신,19v4,5,N,N
2001050208_19v3,IT마케팅 프로모션(Promotion)관리,20010502,IT마케팅,정보기술영업,정보기술,정보통신,19v3,5,N,N
2001050209_19v4,IT마케팅 고객 관리,20010502,IT마케팅,정보기술영업,정보기술,정보통신,19v4,4,N,N
2001050210_19v4,IT마케팅 성과 평가,20010502,IT마케팅,정보기술영업,정보기술,정보통신,19v4,7,N,N
2001060101_19v2,정보보호 거버넌스 구현,20010601,정보보호관리·운영,정보보호,정보기술,정보통신,19v2,8,N,N
2001060103_19v2,정보보호 정책 기획,20010601,정보보호관리·운영,정보보호,정보기술,정보통신,19v2,7,N,N
2001060105_19v2,보안 위험관리,20010601,정보보호관리·운영,정보보호,정보기술,정보통신,19v2,7,N,N
2001060106_19v2,정보보호 계획 수립,20010601,정보보호관리·운영,정보보호,정보기술,정보통신,19v2,6,N,N
2001060108_19v3,네트워크 보안 운영,20010601,정보보호관리·운영,정보보호,정보기술,정보통신,19v3,5,N,N
2001060109_19v3,애플리케이션 보안 운영,20010601,정보보호관리·운영,정보보호,정보기술,정보통신,19v3,5,N,N
2001060110_19v3,시스템 보안 운영,20010601,정보보호관리·운영,정보보호,정보기술,정보통신,19v3,5,N,N
2001060111_19v3,관리적 보안 운영,20010601,정보보호관리·운영,정보보호,정보기술,정보통신,19v3,5,N,N
2001060112_19v3,물리 보안 운영,20010601,정보보호관리·운영,정보보호,정보기술,정보통신,19v3,5,N,N
2001060113_19v3,보안 장비 운용,20010601,정보보호관리·운영,정보보호,정보기술,정보통신,19v3,3,N,N
2001060114_19v3,보안성 검토,20010601,정보보호관리·운영,정보보호,정보기술,정보통신,19v3,7,N,N
2001060115_19v3,내부 보안 감사 수행,20010601,정보보호관리·운영,정보보호,정보기술,정보통신,19v3,7,N,N
2001060116_19v2,협력사 보안 관리,20010601,정보보호관리·운영,정보보호,정보기술,정보통신,19v2,6,N,N
2001060201_24v3,보안전략수립 컨설팅,20010602,정보보호진단·분석,정보보호,정보기술,정보통신,24v3,8,N,N
2001060203_24v3,보안감사,20010602,정보보호진단·분석,정보보호,정보기술,정보통신,24v3,7,N,N
2001060204_24v3,정보보호관리체계 인증심사,20010602,정보보호진단·분석,정보보호,정보기술,정보통신,24v3,7,N,N
2001060206_24v3,보안대책설계 컨설팅,20010602,정보보호진단·분석,정보보호,정보기술,정보통신,24v3,7,N,N
2001060207_24v3,보안취약점 진단·분석,20010602,정보보호진단·분석,정보보호,정보기술,정보통신,24v3,5,N,N
2001060208_24v3,정보보호관리체계 심사컨설팅,20010602,정보보호진단·분석,정보보호,정보기술,정보통신,24v3,7,N,N
2001060210_24v3,모의해킹,20010602,정보보호진단·분석,정보보호,정보기술,정보통신,24v3,5,N,N
2001060211_24v1,정보보호진단·분석 사전준비,20010602,정보보호진단·분석,정보보호,정보기술,정보통신,24v1,6,N,N
2001060305_24v3,보안사고 현황분석,20010603,보안사고분석대응,정보보호,정보기술,정보통신,24v3,6,N,N
2001060307_24v3,탐지로그 분석,20010603,보안사고분석대응,정보보호,정보기술,정보통신,24v3,5,N,N
2001060309_24v3,분석대응 체계수립,20010603,보안사고분석대응,정보보호,정보기술,정보통신,24v3,8,N,N
2001060310_24v3,보안위협 대응,20010603,보안사고분석대응,정보보호,정보기술,정보통신,24v3,5,N,N
2001060311_24v3,보안사고 사후처리,20010603,보안사고분석대응,정보보호,정보기술,정보통신,24v3,7,N,N
2001060312_24v1,위협탐지,20010603,보안사고분석대응,정보보호,정보기술,정보통신,24v1,4,N,N
2001060313_24v1,보안사고정보 확보,20010603,보안사고분석대응,정보보호,정보기술,정보통신,24v1,5,N,N
2001060401_19v2,암호 분석 기획,20010604,정보보호암호·인증,정보보호,정보기술,정보통신,19v2,5,N,N
2001060402_19v2,암호 분석,20010604,정보보호암호·인증,정보보호,정보기술,정보통신,19v2,4,N,N
2001060403_19v2,암호 장비 운용,20010604,정보보호암호·인증,정보보호,정보기술,정보통신,19v2,3,N,N
2001060404_19v2,암호모듈 검증 정책 기획,20010604,정보보호암호·인증,정보보호,정보기술,정보통신,19v2,6,N,N
2001060405_19v2,암호모듈 검증 수행,20010604,정보보호암호·인증,정보보호,정보기술,정보통신,19v2,4,N,N
2001060406_19v2,암호 연구·개발 기획,20010604,정보보호암호·인증,정보보호,정보기술,정보통신,19v2,7,N,N
2001060407_19v2,암호 알고리즘 연구,20010604,정보보호암호·인증,정보보호,정보기술,정보통신,19v2,6,N,N
2001060408_19v2,암호·인증 모듈 기획,20010604,정보보호암호·인증,정보보호,정보기술,정보통신,19v2,5,N,N
2001060409_19v2,암호·인증 모듈 개발,20010604,정보보호암호·인증,정보보호,정보기술,정보통신,19v2,3,N,N
2001060410_19v2,암호 시스템 운영,20010604,정보보호암호·인증,정보보호,정보기술,정보통신,19v2,5,N,N
2001060501_22v2,영상정보처리시스템 요구사항 분석,20010605,영상정보처리,정보보호,정보기술,정보통신,22v2,7,N,N
2001060502_22v2,영상정보처리시스템 설계,20010605,영상정보처리,정보보호,정보기술,정보통신,22v2,7,N,N
2001060505_22v2,영상정보처리 알고리즘 개발,20010605,영상정보처리,정보보호,정보기술,정보통신,22v2,6,N,N
2001060506_22v2,영상정보처리시스템 개발,20010605,영상정보처리,정보보호,정보기술,정보통신,22v2,5,N,N
2001060507_22v2,영상정보처리시스템 구축,20010605,영상정보처리,정보보호,정보기술,정보통신,22v2,6,N,N
2001060508_22v2,영상정보처리시스템 최적화,20010605,영상정보처리,정보보호,정보기술,정보통신,22v2,5,N,N
2001060513_22v2,영상정보처리 알고리즘 설계,20010605,영상정보처리,정보보호,정보기술,정보통신,22v2,7,N,N
2001060514_22v2,영상관제 업무 관리,20010605,영상정보처리,정보보호,정보기술,정보통신,22v2,6,N,N
2001060601_19v2,생체인식 알고리즘 설계,20010606,생체인식(바이오인식),정보보호,정보기술,정보통신,19v2,8,N,N
2001060602_19v2,생체인식 모듈 설계,20010606,생체인식(바이오인식),정보보호,정보기술,정보통신,19v2,7,N,N
2001060603_19v2,생체인식 API 설계,20010606,생체인식(바이오인식),정보보호,정보기술,정보통신,19v2,6,N,N
2001060604_19v2,생체인식 알고리즘 구현,20010606,생체인식(바이오인식),정보보호,정보기술,정보통신,19v2,6,N,N
2001060605_19v2,생체인식 모듈 구현,20010606,생체인식(바이오인식),정보보호,정보기술,정보통신,19v2,5,N,N
2001060606_19v2,생체인식 API 구현,20010606,생체인식(바이오인식),정보보호,정보기술,정보통신,19v2,3,N,N
2001060607_19v2,생체인식 성능평가 관리,20010606,생체인식(바이오인식),정보보호,정보기술,정보통신,19v2,6,N,N
2001060608_19v2,생체인식 성능 테스트 수행,20010606,생체인식(바이오인식),정보보호,정보기술,정보통신,19v2,3,N,N
2001060801_20v1,조사계획 수립,20010608,디지털포렌식,정보보호,정보기술,정보통신,20v1,6,N,N
2001060802_20v1,현장 조사,20010608,디지털포렌식,정보보호,정보기술,정보통신,20v1,5,N,N
2001060803_20v1,증거 수집,20010608,디지털포렌식,정보보호,정보기술,정보통신,20v1,4,N,N
2001060804_20v1,증거 관리,20010608,디지털포렌식,정보보호,정보기술,정보통신,20v1,5,N,N
2001060805_20v1,증거 추출,20010608,디지털포렌식,정보보호,정보기술,정보통신,20v1,4,N,N
2001060806_20v1,증거 분석,20010608,디지털포렌식,정보보호,정보기술,정보통신,20v1,6,N,N
2001060807_20v1,증거 제출,20010608,디지털포렌식,정보보호,정보기술,정보통신,20v1,7,N,N
2001060901_21v1,영상정보보안·운영 정책 수립,20010609,영상정보보안·운영,정보보호,정보기술,정보통신,21v1,7,N,N
2001060902_21v1,영상정보보안·운영 계획 수립,20010609,영상정보보안·운영,정보보호,정보기술,정보통신,21v1,6,N,N
2001060903_21v1,영상정보처리 보안,20010609,영상정보보안·운영,정보보호,정보기술,정보통신,21v1,5,N,N
2001060904_21v1,영상정보 접근 통제,20010609,영상정보보안·운영,정보보호,정보기술,정보통신,21v1,5,N,N
2001060905_21v1,개인영상정보 보호,20010609,영상정보보안·운영,정보보호,정보기술,정보통신,21v1,5,N,N
2001060906_21v1,영상정보 관제시스템 운영,20010609,영상정보보안·운영,정보보호,정보기술,정보통신,21v1,4,N,N
2001060907_21v1,영상정보 관제,20010609,영상정보보안·운영,정보보호,정보기술,정보통신,21v1,4,N,N
2001060908_21v1,영상정보 보안사고 대응,20010609,영상정보보안·운영,정보보호,정보기술,정보통신,21v1,5,N,N
2001060909_21v1,영상정보 보안감사,20010609,영상정보보안·운영,정보보호,정보기술,정보통신,21v1,7,N,N
2001061101_23v1,OT보안 정책 기획,20010611,OT보안,정보보호,정보기술,정보통신,23v1,7,N,N
2001061102_23v1,OT 시스템 운영체계 환경 분석,20010611,OT보안,정보보호,정보기술,정보통신,23v1,6,N,N
2001061103_23v1,OT보안 표준 적용,20010611,OT보안,정보보호,정보기술,정보통신,23v1,6,N,N
2001061104_23v1,OT보안 체계 설계,20010611,OT보안,정보보호,정보기술,정보통신,23v1,6,N,N
2001061105_23v1,OT보안 모의해킹,20010611,OT보안,정보보호,정보기술,정보통신,23v1,5,N,N
2001061106_23v1,OT보안 제품 개발,20010611,OT보안,정보보호,정보기술,정보통신,23v1,5,N,N
2001061107_23v1,OT 구성요소 보안 구현,20010611,OT보안,정보보호,정보기술,정보통신,23v1,5,N,N
2001061108_23v1,OT보안 제품 운영,20010611,OT보안,정보보호,정보기술,정보통신,23v1,4,N,N
2001061109_23v1,OT보안 침해 대응,20010611,OT보안,정보보호,정보기술,정보통신,23v1,5,N,N
2001061201_23v1,클라우드 정보보호 계획수립,20010612,클라우드 보안 관리·운영,정보보호,정보기술,정보통신,23v1,7,N,N
2001061202_23v1,클라우드 컴플라이언스 준수,20010612,클라우드 보안 관리·운영,정보보호,정보기술,정보통신,23v1,6,N,N
2001061203_23v1,클라우드 네트워크 보안,20010612,클라우드 보안 관리·운영,정보보호,정보기술,정보통신,23v1,5,N,N
2001061204_23v1,클라우드 인프라 보안,20010612,클라우드 보안 관리·운영,정보보호,정보기술,정보통신,23v1,5,N,N
2001061205_23v1,클라우드 애플리케이션 보안,20010612,클라우드 보안 관리·운영,정보보호,정보기술,정보통신,23v1,5,N,N
2001061206_23v1,클라우드 데이터 보안,20010612,클라우드 보안 관리·운영,정보보호,정보기술,정보통신,23v1,5,N,N
2001061207_23v1,클라우드 계정관리,20010612,클라우드 보안 관리·운영,정보보호,정보기술,정보통신,23v1,5,N,N
2001061208_23v1,클라우드 관리적 보안,20010612,클라우드 보안 관리·운영,정보보호,정보기술,정보통신,23v1,5,N,N
2001061209_23v1,클라우드 보안관리 서비스 운영,20010612,클라우드 보안 관리·운영,정보보호,정보기술,정보통신,23v1,5,N,N
2001061401_24v1,정보보호제품 시험·평가 기획,20010614,정보보호제품 시험·평가,정보보호,정보기술,정보통신,24v1,7,N,N
2001061402_24v1,정보보호제품 시험·평가 문서 작성,20010614,정보보호제품 시험·평가,정보보호,정보기술,정보통신,24v1,6,N,N
2001061403_24v1,정보보호제품 보안기능 점검,20010614,정보보호제품 시험·평가,정보보호,정보기술,정보통신,24v1,5,N,N
2001061404_24v1,정보보호제품 취약점 점검,20010614,정보보호제품 시험·평가,정보보호,정보기술,정보통신,24v1,5,N,N
2001061405_24v1,정보보호제품 시험·평가 신청,20010614,정보보호제품 시험·평가,정보보호,정보기술,정보통신,24v1,5,N,N
2001061406_24v1,정보보호제품 시험·평가 대응,20010614,정보보호제품 시험·평가,정보보호,정보기술,정보통신,24v1,6,N,N
2001061407_24v1,정보보호제품 사후관리,20010614,정보보호제품 시험·평가,정보보호,정보기술,정보통신,24v1,6,N,N
2001061501_24v1,SW공급망 보안 계획수립,20010615,SW공급망보안,정보보호,정보기술,정보통신,24v1,7,N,N
2001061502_24v1,SW공급망 인프라 보안,20010615,SW공급망보안,정보보호,정보기술,정보통신,24v1,6,N,N
2001061503_24v1,SW 개발보안 자동화 관리,20010615,SW공급망보안,정보보호,정보기술,정보통신,24v1,5,N,N
2001061504_24v1,SW 취약점 관리,20010615,SW공급망보안,정보보호,정보기술,정보통신,24v1,6,N,N
2001061505_24v1,SW 구성명세서 관리,20010615,SW공급망보안,정보보호,정보기술,정보통신,24v1,5,N,N
2001061506_24v1,SW공급망 보안 운영,20010615,SW공급망보안,정보보호,정보기술,정보통신,24v1,5,N,N
2001061601_24v1,모빌리티 보안 관리체계 수립,20010616,모빌리티보안,정보보호,정보기술,정보통신,24v1,7,N,N
2001061602_24v1,모빌리티 보안 위협 식별,20010616,모빌리티보안,정보보호,정보기술,정보통신,24v1,6,N,N
2001061603_24v1,모빌리티 보안 위험 관리,20010616,모빌리티보안,정보보호,정보기술,정보통신,24v1,6,N,N
2001061604_24v1,모빌리티 보안 조치 시험,20010616,모빌리티보안,정보보호,정보기술,정보통신,24v1,5,N,N
2001061605_24v1,모빌리티 보안 검증,20010616,모빌리티보안,정보보호,정보기술,정보통신,24v1,6,N,N
2001061606_24v1,모빌리티 보안 운영,20010616,모빌리티보안,정보보호,정보기술,정보통신,24v1,5,N,N
2001061607_24v1,모빌리티 보안 인증,20010616,모빌리티보안,정보보호,정보기술,정보통신,24v1,6,N,N
2001070101_23v2,인공지능 플랫폼 구축 계획,20010701,인공지능플랫폼구축,인공지능,정보기술,정보통신,23v2,5,N,N
2001070102_23v2,인공지능 플랫폼 요구사항 분석,20010701,인공지능플랫폼구축,인공지능,정보기술,정보통신,23v2,6,N,N
2001070103_23v2,인공지능 플랫폼 설계,20010701,인공지능플랫폼구축,인공지능,정보기술,정보통신,23v2,6,N,N
2001070104_23v2,인공지능 플랫폼 인프라 구현,20010701,인공지능플랫폼구축,인공지능,정보기술,정보통신,23v2,5,N,N
2001070105_23v2,인공지능 플랫폼 기능 구현,20010701,인공지능플랫폼구축,인공지능,정보기술,정보통신,23v2,5,N,N
2001070106_23v2,인공지능 플랫폼 인터페이스 구현,20010701,인공지능플랫폼구축,인공지능,정보기술,정보통신,23v2,4,N,N
2001070109_23v2,인공지능 플랫폼 품질 관리,20010701,인공지능플랫폼구축,인공지능,정보기술,정보통신,23v2,5,N,N
2001070110_23v1,인공지능 플랫폼 활용 계획,20010701,인공지능플랫폼구축,인공지능,정보기술,정보통신,23v1,4,N,N
2001070111_23v1,인공지능 활용 플랫폼 환경 구성,20010701,인공지능플랫폼구축,인공지능,정보기술,정보통신,23v1,3,N,N
2001070112_23v2,인공지능 플랫폼 지식화 구현,20010701,인공지능플랫폼구축,인공지능,정보기술,정보통신,23v2,5,N,N
2001070113_23v1,인공지능 활용 플랫폼 유지 관리,20010701,인공지능플랫폼구축,인공지능,정보기술,정보통신,23v1,4,N,N
2001070202_22v2,인공지능 서비스 목표 수립,20010702,인공지능서비스기획,인공지능,정보기술,정보통신,22v2,6,N,N
2001070204_22v2,인공지능 서비스 모델 기획,20010702,인공지능서비스기획,인공지능,정보기술,정보통신,22v2,5,N,N
2001070205_22v2,인공지능 서비스 시나리오 기획,20010702,인공지능서비스기획,인공지능,정보기술,정보통신,22v2,4,N,N
2001070206_22v2,인공지능 서비스 활용 기획,20010702,인공지능서비스기획,인공지능,정보기술,정보통신,22v2,5,N,N
2001070207_22v2,인공지능 서비스 실행계획 수립,20010702,인공지능서비스기획,인공지능,정보기술,정보통신,22v2,5,N,N
2001070208_22v2,인공지능 서비스 성과평가 기획,20010702,인공지능서비스기획,인공지능,정보기술,정보통신,22v2,5,N,N
2001070209_22v2,인공지능 서비스 요건 정의,20010702,인공지능서비스기획,인공지능,정보기술,정보통신,22v2,5,N,N
2001070210_22v1,인공지능 서비스 데이터 기획,20010702,인공지능서비스기획,인공지능,정보기술,정보통신,22v1,5,N,N
2001070301_23v2,인공지능 모델 문제 정의,20010703,인공지능모델링,인공지능,정보기술,정보통신,23v2,6,N,N
2001070302_23v2,인공지능 모델 준비,20010703,인공지능모델링,인공지능,정보기술,정보통신,23v2,5,N,N
2001070303_23v2,인공지능 데이터 확보,20010703,인공지능모델링,인공지능,정보기술,정보통신,23v2,5,N,N
2001070304_23v2,인공지능 데이터 전처리,20010703,인공지능모델링,인공지능,정보기술,정보통신,23v2,5,N,N
2001070305_23v2,인공지능 데이터 특징 추출,20010703,인공지능모델링,인공지능,정보기술,정보통신,23v2,5,N,N
2001070306_23v2,인공지능 모델 학습,20010703,인공지능모델링,인공지능,정보기술,정보통신,23v2,5,N,N
2001070307_23v2,인공지능 모델 선정,20010703,인공지능모델링,인공지능,정보기술,정보통신,23v2,5,N,N
2001070308_23v2,인공지능 모델 활용 관리,20010703,인공지능모델링,인공지능,정보기술,정보통신,23v2,5,N,N
2001070309_23v1,인공지능 데이터 품질 검증,20010703,인공지능모델링,인공지능,정보기술,정보통신,23v1,5,N,N
2001070401_24v2,인공지능서비스 운영계획 수립,20010704,인공지능서비스운영관리,인공지능,정보기술,정보통신,24v2,6,N,N
2001070402_24v2,인공지능서비스 이용자관리,20010704,인공지능서비스운영관리,인공지능,정보기술,정보통신,24v2,6,N,N
2001070403_24v2,인공지능서비스 운영환경관리,20010704,인공지능서비스운영관리,인공지능,정보기술,정보통신,24v2,5,N,N
2001070404_24v2,인공지능서비스 운영모니터링,20010704,인공지능서비스운영관리,인공지능,정보기술,정보통신,24v2,4,N,N
2001070405_24v2,인공지능서비스 운영품질관리,20010704,인공지능서비스운영관리,인공지능,정보기술,정보통신,24v2,5,N,N
2001070406_24v2,인공지능서비스 운영장애관리,20010704,인공지능서비스운영관리,인공지능,정보기술,정보통신,24v2,4,N,N
2001070407_24v2,인공지능서비스 이용자관점 운영수준관리,20010704,인공지능서비스운영관리,인공지능,정보기술,정보통신,24v2,5,N,N
2001070408_24v2,인공지능서비스 운영개선관리,20010704,인공지능서비스운영관리,인공지능,정보기술,정보통신,24v2,5,N,N
2001070409_24v1,인공지능서비스 외부인프라관리,20010704,인공지능서비스운영관리,인공지능,정보기술,정보통신,24v1,5,N,N
2001070410_24v1,인공지능서비스 운영지원도구관리,20010704,인공지능서비스운영관리,인공지능,정보기술,정보통신,24v1,4,N,N
2001070501_24v2,인공지능서비스 구현요건분석,20010705,인공지능서비스구현,인공지능,정보기술,정보통신,24v2,5,N,N
2001070502_24v2,인공지능서비스 상위설계,20010705,인공지능서비스구현,인공지능,정보기술,정보통신,24v2,6,N,N
2001070503_24v2,인공지능서비스 상세설계,20010705,인공지능서비스구현,인공지능,정보기술,정보통신,24v2,5,N,N
2001070504_24v2,인공지능서비스 애플리케이션 개발,20010705,인공지능서비스구현,인공지능,정보기술,정보통신,24v2,4,N,N
2001070505_24v2,인공지능서비스 모델적용,20010705,인공지능서비스구현,인공지능,정보기술,정보통신,24v2,4,N,N
2001070506_24v2,인공지능서비스 인터페이스 개발,20010705,인공지능서비스구현,인공지능,정보기술,정보통신,24v2,4,N,N
2001070507_24v2,인공지능서비스 테스트,20010705,인공지능서비스구현,인공지능,정보기술,정보통신,24v2,4,N,N
2001070508_24v2,인공지능서비스 이행,20010705,인공지능서비스구현,인공지능,정보기술,정보통신,24v2,4,N,N
2001070509_24v1,인공지능서비스 자원구성,20010705,인공지능서비스구현,인공지능,정보기술,정보통신,24v1,6,N,N
2001070510_24v1,인공지능서비스 안전성 검토,20010705,인공지능서비스구현,인공지능,정보기술,정보통신,24v1,6,N,N
2001070601_22v1,인공지능 학습데이터 구축 기획,20010706,인공지능학습데이터구축,인공지능,정보기술,정보통신,22v1,7,N,N
2001070602_22v1,인공지능 학습데이터 획득 계획,20010706,인공지능학습데이터구축,인공지능,정보기술,정보통신,22v1,6,N,N
2001070603_22v1,인공지능 학습데이터 획득,20010706,인공지능학습데이터구축,인공지능,정보기술,정보통신,22v1,5,N,N
2001070604_22v1,인공지능 학습데이터 저장 관리,20010706,인공지능학습데이터구축,인공지능,정보기술,정보통신,22v1,6,N,N
2001070605_22v1,인공지능 학습데이터 정제,20010706,인공지능학습데이터구축,인공지능,정보기술,정보통신,22v1,5,N,N
2001070606_22v1,인공지능 학습데이터 라벨링 관리,20010706,인공지능학습데이터구축,인공지능,정보기술,정보통신,22v1,5,N,N
2001070607_22v1,인공지능 학습데이터 라벨링,20010706,인공지능학습데이터구축,인공지능,정보기술,정보통신,22v1,3,N,N
2001070608_22v1,인공지능 학습데이터 가명정보 결합,20010706,인공지능학습데이터구축,인공지능,정보기술,정보통신,22v1,6,N,N
2001070609_22v1,인공지능 학습데이터 변환,20010706,인공지능학습데이터구축,인공지능,정보기술,정보통신,22v1,6,N,N
2001070610_22v1,인공지능 학습데이터 품질 검증,20010706,인공지능학습데이터구축,인공지능,정보기술,정보통신,22v1,6,N,N
2001070611_22v1,인공지능 학습데이터 딜리버리,20010706,인공지능학습데이터구축,인공지능,정보기술,정보통신,22v1,4,N,N
2001070701_25v1,생성형 AI 기반 프로덕트 목표 수립,20010707,생성형AI엔지니어링,인공지능,정보기술,정보통신,25v1,7,N,N
2001070702_25v1,생성형 AI 모델 선정,20010707,생성형AI엔지니어링,인공지능,정보기술,정보통신,25v1,5,N,N
2001070703_25v1,생성형 AI 데이터 준비,20010707,생성형AI엔지니어링,인공지능,정보기술,정보통신,25v1,5,N,N
2001070704_25v1,생성형 AI 모델 학습,20010707,생성형AI엔지니어링,인공지능,정보기술,정보통신,25v1,6,N,N
2001070705_25v1,프롬프트 구현,20010707,생성형AI엔지니어링,인공지능,정보기술,정보통신,25v1,5,N,N
2001070706_25v1,프롬프트 최적화,20010707,생성형AI엔지니어링,인공지능,정보기술,정보통신,25v1,5,N,N
2001070707_25v1,생성형 AI 기반 프로덕트 제작,20010707,생성형AI엔지니어링,인공지능,정보기술,정보통신,25v1,5,N,N
2001070708_25v1,생성형 AI 기반 프로덕트 검증,20010707,생성형AI엔지니어링,인공지능,정보기술,정보통신,25v1,5,N,N
2001070709_25v1,생성형 AI 기반 프로덕트 배포,20010707,생성형AI엔지니어링,인공지능,정보기술,정보통신,25v1,5,N,N
2001080101_21v2,블록체인 시장조사,20010801,블록체인분석·설계,블록체인,정보기술,정보통신,21v2,5,N,N
2001080102_21v2,블록체인 요구사항 분석,20010801,블록체인분석·설계,블록체인,정보기술,정보통신,21v2,5,N,N
2001080103_21v2,블록체인 비즈니스 전략 수립,20010801,블록체인분석·설계,블록체인,정보기술,정보통신,21v2,7,N,N
2001080104_21v2,블록체인 데이터 구조 설계,20010801,블록체인분석·설계,블록체인,정보기술,정보통신,21v2,6,N,N
2001080105_21v2,블록체인 상세 설계,20010801,블록체인분석·설계,블록체인,정보기술,정보통신,21v2,5,N,N
2001080106_21v2,블록체인 프로토타입 개발,20010801,블록체인분석·설계,블록체인,정보기술,정보통신,21v2,4,N,N
2001080107_21v2,블록체인 프로토타입 통합 테스트,20010801,블록체인분석·설계,블록체인,정보기술,정보통신,21v2,4,N,N
2001080108_21v2,블록체인 프로토타입 검증,20010801,블록체인분석·설계,블록체인,정보기술,정보통신,21v2,5,N,N
2001080201_21v2,블록체인 요구사항 검증,20010802,블록체인구축·운영,블록체인,정보기술,정보통신,21v2,6,N,N
2001080202_21v2,블록체인 플랫폼구현,20010802,블록체인구축·운영,블록체인,정보기술,정보통신,21v2,6,N,N
2001080203_21v2,블록체인 응용서비스 구현,20010802,블록체인구축·운영,블록체인,정보기술,정보통신,21v2,5,N,N
2001080204_21v2,블록체인 테스트관리,20010802,블록체인구축·운영,블록체인,정보기술,정보통신,21v2,6,N,N
2001080205_21v2,블록체인 단위 테스트 수행,20010802,블록체인구축·운영,블록체인,정보기술,정보통신,21v2,5,N,N
2001080206_21v2,블록체인 통합 테스트 수행,20010802,블록체인구축·운영,블록체인,정보기술,정보통신,21v2,5,N,N
2001080207_21v2,블록체인 시험운영,20010802,블록체인구축·운영,블록체인,정보기술,정보통신,21v2,5,N,N
2001080208_21v2,블록체인 운영관리,20010802,블록체인구축·운영,블록체인,정보기술,정보통신,21v2,5,N,N
2001080301_22v2,블록체인 산업시장 환경분석,20010803,블록체인서비스기획,블록체인,정보기술,정보통신,22v2,6,N,N
2001080302_22v2,블록체인 비즈니스모델 기획,20010803,블록체인서비스기획,블록체인,정보기술,정보통신,22v2,7,N,N
2001080303_22v2,블록체인 기술 분석,20010803,블록체인서비스기획,블록체인,정보기술,정보통신,22v2,6,N,N
2001080304_22v2,블록체인 서비스 정보보호 계획,20010803,블록체인서비스기획,블록체인,정보기술,정보통신,22v2,6,N,N
2001080305_22v2,블록체인 서비스 분석·설계 계획,20010803,블록체인서비스기획,블록체인,정보기술,정보통신,22v2,6,N,N
2001080306_22v2,블록체인 서비스 구축 계획,20010803,블록체인서비스기획,블록체인,정보기술,정보통신,22v2,6,N,N
2001080307_22v2,블록체인 서비스 운영 계획,20010803,블록체인서비스기획,블록체인,정보기술,정보통신,22v2,6,N,N
2001080308_22v2,블록체인 서비스 품질관리 계획,20010803,블록체인서비스기획,블록체인,정보기술,정보통신,22v2,6,N,N
2001090101_20v1,스마트물류체계 도입타당성 검토,20010901,스마트물류체계기획,스마트물류,정보기술,정보통신,20v1,6,N,N
2001090102_20v1,스마트물류체계 전략 수립,20010901,스마트물류체계기획,스마트물류,정보기술,정보통신,20v1,7,N,N
2001090103_20v1,스마트물류체계 추진계획 수립,20010901,스마트물류체계기획,스마트물류,정보기술,정보통신,20v1,6,N,N
2001090104_20v1,스마트물류 시설계획 수립,20010901,스마트물류체계기획,스마트물류,정보기술,정보통신,20v1,5,N,N
2001090105_20v1,스마트물류 장비계획 수립,20010901,스마트물류체계기획,스마트물류,정보기술,정보통신,20v1,5,N,N
2001090106_20v1,스마트물류 소프트웨어계획 수립,20010901,스마트물류체계기획,스마트물류,정보기술,정보통신,20v1,5,N,N
2001090107_20v1,스마트물류 데이터관리계획 수립,20010901,스마트물류체계기획,스마트물류,정보기술,정보통신,20v1,5,N,N
2001090108_20v1,스마트물류체계 표준화계획 수립,20010901,스마트물류체계기획,스마트물류,정보기술,정보통신,20v1,5,N,N
2001090109_20v1,스마트물류체계 성과평가계획 수립,20010901,스마트물류체계기획,스마트물류,정보기술,정보통신,20v1,6,N,N
2001090201_20v1,스마트물류 플랫폼 설계,20010902,스마트물류플랫폼구축,스마트물류,정보기술,정보통신,20v1,7,N,N
2001090202_20v1,스마트물류 최적화서비스 설계,20010902,스마트물류플랫폼구축,스마트물류,정보기술,정보통신,20v1,7,N,N
2001090203_20v1,스마트물류 플랫폼구축 솔루션 선정,20010902,스마트물류플랫폼구축,스마트물류,정보기술,정보통신,20v1,6,N,N
2001090204_20v1,스마트물류 네트워크 구축,20010902,스마트물류플랫폼구축,스마트물류,정보기술,정보통신,20v1,5,N,N
2001090205_20v1,스마트물류 설비 구축,20010902,스마트물류플랫폼구축,스마트물류,정보기술,정보통신,20v1,5,N,N
2001090206_20v1,스마트물류 플랫폼 IoT장비 구축,20010902,스마트물류플랫폼구축,스마트물류,정보기술,정보통신,20v1,5,N,N
2001090207_20v1,스마트물류 소프트웨어 구축,20010902,스마트물류플랫폼구축,스마트물류,정보기술,정보통신,20v1,5,N,N
2001090208_20v1,스마트물류 데이터베이스 구축,20010902,스마트물류플랫폼구축,스마트물류,정보기술,정보통신,20v1,5,N,N
2001090209_20v1,스마트물류 플랫폼 통합검증,20010902,스마트물류플랫폼구축,스마트물류,정보기술,정보통신,20v1,4,N,N
2001090210_20v1,스마트물류 플랫폼 최적화,20010902,스마트물류플랫폼구축,스마트물류,정보기술,정보통신,20v1,7,N,N
2001090301_20v1,스마트물류 통합관리 환경분석,20010903,스마트물류통합관리,스마트물류,정보기술,정보통신,20v1,6,N,N
2001090302_20v1,스마트물류 자원 관리,20010903,스마트물류통합관리,스마트물류,정보기술,정보통신,20v1,5,N,N
2001090303_20v1,스마트물류 예측 관리,20010903,스마트물류통합관리,스마트물류,정보기술,정보통신,20v1,5,N,N
2001090304_20v1,스마트물류 IoT장비 관리,20010903,스마트물류통합관리,스마트물류,정보기술,정보통신,20v1,3,N,N
2001090305_20v1,스마트물류 지능형창고 관리,20010903,스마트물류통합관리,스마트물류,정보기술,정보통신,20v1,3,N,N
2001090306_20v1,스마트물류 자율주행로봇 관리,20010903,스마트물류통합관리,스마트물류,정보기술,정보통신,20v1,3,N,N
2001090307_20v1,스마트물류 지능형플랫폼 관리,20010903,스마트물류통합관리,스마트물류,정보기술,정보통신,20v1,4,N,N
2001090308_20v1,스마트물류 데이터베이스 관리,20010903,스마트물류통합관리,스마트물류,정보기술,정보통신,20v1,5,N,N
2001090309_20v1,스마트물류 연계시스템 운용,20010903,스마트물류통합관리,스마트물류,정보기술,정보통신,20v1,5,N,N
2001090310_20v1,스마트물류 보안안전 관리,20010903,스마트물류통합관리,스마트물류,정보기술,정보통신,20v1,4,N,N
2001100101_20v1,디지털트윈 목표 수립,20011001,디지털트윈기획,디지털트윈,정보기술,정보통신,20v1,7,N,N
2001100102_20v1,디지털트윈 환경분석,20011001,디지털트윈기획,디지털트윈,정보기술,정보통신,20v1,5,N,N
2001100103_20v1,디지털트윈 요구사항분석,20011001,디지털트윈기획,디지털트윈,정보기술,정보통신,20v1,5,N,N
2001100104_20v1,디지털트윈 모델 설계,20011001,디지털트윈기획,디지털트윈,정보기술,정보통신,20v1,6,N,N
2001100105_20v1,디지털트윈 모델 활용시나리오 기획,20011001,디지털트윈기획,디지털트윈,정보기술,정보통신,20v1,7,N,N
2001100106_20v1,디지털트윈 구현계획 수립,20011001,디지털트윈기획,디지털트윈,정보기술,정보통신,20v1,6,N,N
2001100107_20v1,디지털트윈 운영정책 수립,20011001,디지털트윈기획,디지털트윈,정보기술,정보통신,20v1,6,N,N
2001100108_20v1,디지털트윈 성과평가 기획,20011001,디지털트윈기획,디지털트윈,정보기술,정보통신,20v1,5,N,N
2001100201_22v1,디지털트윈 가상모델 상세 설계,20011002,디지털트윈설계,디지털트윈,정보기술,정보통신,22v1,6,N,N
2001100202_22v1,디지털트윈 상호작용 설계,20011002,디지털트윈설계,디지털트윈,정보기술,정보통신,22v1,6,N,N
2001100203_22v1,디지털트윈 데이터 설계,20011002,디지털트윈설계,디지털트윈,정보기술,정보통신,22v1,6,N,N
2001100204_22v1,디지털트윈 시스템 설계,20011002,디지털트윈설계,디지털트윈,정보기술,정보통신,22v1,6,N,N
2001100205_22v1,디지털트윈 가상모델 검증,20011002,디지털트윈설계,디지털트윈,정보기술,정보통신,22v1,5,N,N
2001100206_22v1,디지털트윈 구현계획 구체화,20011002,디지털트윈설계,디지털트윈,정보기술,정보통신,22v1,6,N,N
2001100207_22v1,디지털트윈 품질평가 계획,20011002,디지털트윈설계,디지털트윈,정보기술,정보통신,22v1,6,N,N
2001100301_22v1,디지털트윈 응용서비스 구현,20011003,디지털트윈구축,디지털트윈,정보기술,정보통신,22v1,7,N,N
2001100302_22v1,디지털트윈 가상세계 구현,20011003,디지털트윈구축,디지털트윈,정보기술,정보통신,22v1,6,N,N
2001100303_22v1,디지털트윈 상호작용 구현,20011003,디지털트윈구축,디지털트윈,정보기술,정보통신,22v1,5,N,N
2001100304_22v1,디지털트윈 알고리즘 실증 구현,20011003,디지털트윈구축,디지털트윈,정보기술,정보통신,22v1,5,N,N
2001100305_22v1,디지털트윈 플랫폼 구현,20011003,디지털트윈구축,디지털트윈,정보기술,정보통신,22v1,7,N,N
2001100306_22v1,디지털트윈 테스트,20011003,디지털트윈구축,디지털트윈,정보기술,정보통신,22v1,5,N,N
2001100307_22v1,디지털트윈 품질관리,20011003,디지털트윈구축,디지털트윈,정보기술,정보통신,22v1,6,N,N
2001110101_23v2,개인정보보호 법령·정책 분석,20011101,개인정보보호관리운영,개인정보보호,정보기술,정보통신,23v2,6,N,N
2001110102_23v2,개인정보보호 기획,20011101,개인정보보호관리운영,개인정보보호,정보기술,정보통신,23v2,8,N,N
2001110104_23v2,개인정보보호 위험관리,20011101,개인정보보호관리운영,개인정보보호,정보기술,정보통신,23v2,7,N,N
2001110105_23v2,개인정보보호 운영,20011101,개인정보보호관리운영,개인정보보호,정보기술,정보통신,23v2,5,N,N
2001110109_23v1,개인정보 생명주기 관리,20011101,개인정보보호관리운영,개인정보보호,정보기술,정보통신,23v1,7,N,N
2001110110_23v1,개인정보 수탁자 관리,20011101,개인정보보호관리운영,개인정보보호,정보기술,정보통신,23v1,5,N,N
2001110201_22v1,가명⋅익명 법제도분석,20011102,개인정보가명익명처리,개인정보보호,정보기술,정보통신,22v1,6,N,N
2001110202_22v1,가명⋅익명처리 기획,20011102,개인정보가명익명처리,개인정보보호,정보기술,정보통신,22v1,6,N,N
2001110203_22v1,가명⋅익명 위험관리,20011102,개인정보가명익명처리,개인정보보호,정보기술,정보통신,22v1,6,N,N
2001110204_22v1,가명⋅익명처리,20011102,개인정보가명익명처리,개인정보보호,정보기술,정보통신,22v1,5,N,N
2001110205_22v1,가명정보 결합⋅반출,20011102,개인정보가명익명처리,개인정보보호,정보기술,정보통신,22v1,5,N,N
2001110206_22v1,가명⋅익명처리 적정성 검토,20011102,개인정보가명익명처리,개인정보보호,정보기술,정보통신,22v1,7,N,N
2001110207_22v1,가명⋅익명 사후관리,20011102,개인정보가명익명처리,개인정보보호,정보기술,정보통신,22v1,6,N,N
2001110301_23v1,개인정보 인증심사 준비,20011103,개인정보인증평가,개인정보보호,정보기술,정보통신,23v1,7,N,N
2001110302_23v1,개인정보 인증심사 착수,20011103,개인정보인증평가,개인정보보호,정보기술,정보통신,23v1,7,N,N
2001110303_23v1,개인정보 관리체계 진단,20011103,개인정보인증평가,개인정보보호,정보기술,정보통신,23v1,6,N,N
2001110304_23v1,개인정보 안전조치 진단,20011103,개인정보인증평가,개인정보보호,정보기술,정보통신,23v1,6,N,N
2001110305_23v1,개인정보 처리단계별 보호조치 진단,20011103,개인정보인증평가,개인정보보호,정보기술,정보통신,23v1,6,N,N
2001110306_23v1,개인정보 인증심사 종료,20011103,개인정보인증평가,개인정보보호,정보기술,정보통신,23v1,7,N,N
2001110307_23v1,개인정보 인증심사 사후관리,20011103,개인정보인증평가,개인정보보호,정보기술,정보통신,23v1,7,N,N
2002010101_21v3,교환시스템 구축계획,20020101,교환시스템구축,유선통신구축,통신기술,정보통신,21v3,6,N,N
2002010102_21v3,교환시스템 기본설계,20020101,교환시스템구축,유선통신구축,통신기술,정보통신,21v3,5,N,N
2002010105_21v3,교환시스템 중계설비 실시설계,20020101,교환시스템구축,유선통신구축,통신기술,정보통신,21v3,4,N,N
2002010107_21v3,교환시스템 설치공사,20020101,교환시스템구축,유선통신구축,통신기술,정보통신,21v3,4,N,N
2002010108_21v3,교환시스템 설치공사시험,20020101,교환시스템구축,유선통신구축,통신기술,정보통신,21v3,5,N,N
2002010109_21v3,교환시스템 공사감리,20020101,교환시스템구축,유선통신구축,통신기술,정보통신,21v3,6,N,N
2002010110_21v3,교환시스템 운용관리,20020101,교환시스템구축,유선통신구축,통신기술,정보통신,21v3,3,N,N
2002010114_21v2,교환시스템 실시설계지침 작성,20020101,교환시스템구축,유선통신구축,통신기술,정보통신,21v2,5,N,N
2002010115_21v2,교환시스템 실시설계설명서 작성,20020101,교환시스템구축,유선통신구축,통신기술,정보통신,21v2,5,N,N
2002010116_21v2,교환시스템 실시설계도면 작성,20020101,교환시스템구축,유선통신구축,통신기술,정보통신,21v2,5,N,N
2002010117_21v2,교환시스템 공사비명세서 작성,20020101,교환시스템구축,유선통신구축,통신기술,정보통신,21v2,5,N,N
2002010118_21v3,교환시스템 자재구매조달,20020101,교환시스템구축,유선통신구축,통신기술,정보통신,21v3,5,N,N
2002010119_21v1,교환시스템 전원설비 실시설계,20020101,교환시스템구축,유선통신구축,통신기술,정보통신,21v1,5,N,N
2002010120_21v1,교환시스템 5G 가입자 연동 엔티티(Entity) 구축,20020101,교환시스템구축,유선통신구축,통신기술,정보통신,21v1,5,N,N
2002010201_25v4,구내통신 구축계획 수립,20020102,구내통신구축,유선통신구축,통신기술,정보통신,25v4,6,N,N
2002010202_25v4,구내통신 구축설계,20020102,구내통신구축,유선통신구축,통신기술,정보통신,25v4,5,N,N
2002010203_25v5,구내통신구축 제안 관리,20020102,구내통신구축,유선통신구축,통신기술,정보통신,25v5,5,N,N
2002010204_25v5,구내통신구축 공사관리,20020102,구내통신구축,유선통신구축,통신기술,정보통신,25v5,4,N,N
2002010206_25v4,구내통신 설비공사,20020102,구내통신구축,유선통신구축,통신기술,정보통신,25v4,3,N,N
2002010207_25v4,구내통신 공사품질관리,20020102,구내통신구축,유선통신구축,통신기술,정보통신,25v4,4,N,N
2002010208_25v4,구내통신 설계·공사감리,20020102,구내통신구축,유선통신구축,통신기술,정보통신,25v4,5,N,N
2002010209_25v4,구내통신 공사준공·정산관리,20020102,구내통신구축,유선통신구축,통신기술,정보통신,25v4,4,N,N
2002010210_25v5,구내통신 운영관리,20020102,구내통신구축,유선통신구축,통신기술,정보통신,25v5,3,N,N
2002010211_25v3,구내통합설비 설계,20020102,구내통신구축,유선통신구축,통신기술,정보통신,25v3,4,N,N
2002010212_25v3,구내 방송통신설계,20020102,구내통신구축,유선통신구축,통신기술,정보통신,25v3,4,N,N
2002010213_25v3,구내 배관배선 설계,20020102,구내통신구축,유선통신구축,통신기술,정보통신,25v3,4,N,N
2002010214_25v3,정보통신설비 검토,20020102,구내통신구축,유선통신구축,통신기술,정보통신,25v3,3,N,N
2002010215_25v3,정보통신선로 검토,20020102,구내통신구축,유선통신구축,통신기술,정보통신,25v3,3,N,N
2002010216_25v5,건축물 정보통신 배관 공사,20020102,구내통신구축,유선통신구축,통신기술,정보통신,25v5,2,N,N
2002010217_25v5,광 케이블 공사,20020102,구내통신구축,유선통신구축,통신기술,정보통신,25v5,3,N,N
2002010218_25v5,일반 케이블 공사,20020102,구내통신구축,유선통신구축,통신기술,정보통신,25v5,2,N,N
2002010219_25v1,정보통신공사 안전관리,20020102,구내통신구축,유선통신구축,통신기술,정보통신,25v1,4,N,N
2002010301_22v3,네트워크사업기획,20020103,네트워크구축,유선통신구축,통신기술,정보통신,22v3,6,N,N
2002010302_22v3,네트워크구축계획,20020103,네트워크구축,유선통신구축,통신기술,정보통신,22v3,6,N,N
2002010303_22v3,네트워크구축설계,20020103,네트워크구축,유선통신구축,통신기술,정보통신,22v3,5,N,N
2002010304_22v3,네트워크공사발주,20020103,네트워크구축,유선통신구축,통신기술,정보통신,22v3,3,N,N
2002010305_22v3,네트워크구축공사,20020103,네트워크구축,유선통신구축,통신기술,정보통신,22v3,4,N,N
2002010306_22v3,네트워크품질시험,20020103,네트워크구축,유선통신구축,통신기술,정보통신,22v3,5,N,N
2002010307_22v3,네트워크구축감리,20020103,네트워크구축,유선통신구축,통신기술,정보통신,22v3,6,N,N
2002010308_22v3,네트워크운용관리,20020103,네트워크구축,유선통신구축,통신기술,정보통신,22v3,3,N,N
2002010309_22v3,네트워크유지보수,20020103,네트워크구축,유선통신구축,통신기술,정보통신,22v3,3,N,N
2002010310_22v4,네트워크보안관리,20020103,네트워크구축,유선통신구축,통신기술,정보통신,22v4,4,N,N
2002010311_22v2,인터넷 설비 공사,20020103,네트워크구축,유선통신구축,통신기술,정보통신,22v2,4,N,N
2002010312_22v2,근거리통신망(LAN) 설계,20020103,네트워크구축,유선통신구축,통신기술,정보통신,22v2,4,N,N
2002010313_22v2,스위치장비구축,20020103,네트워크구축,유선통신구축,통신기술,정보통신,22v2,3,N,N
2002010314_22v2,무선근거리통신망(WLAN)구축,20020103,네트워크구축,유선통신구축,통신기술,정보통신,22v2,4,N,N
2002010315_22v2,서버 구축,20020103,네트워크구축,유선통신구축,통신기술,정보통신,22v2,3,N,N
2002010316_22v2,지중관로공사,20020103,네트워크구축,유선통신구축,통신기술,정보통신,22v2,2,N,N
2002010317_22v2,가공선로공사,20020103,네트워크구축,유선통신구축,통신기술,정보통신,22v2,2,N,N
2002010318_22v2,구조물 설치공사,20020103,네트워크구축,유선통신구축,통신기술,정보통신,22v2,2,N,N
2002010401_21v2,이동통신구내설비공사,20020104,구내통신설비공사,유선통신구축,통신기술,정보통신,21v2,3,N,N
2002010402_21v2,방송공동수신설비공사,20020104,구내통신설비공사,유선통신구축,통신기술,정보통신,21v2,3,N,N
2002010403_21v2,영상정보처리기기(CCTV)설비공사,20020104,구내통신설비공사,유선통신구축,통신기술,정보통신,21v2,3,N,N
2002010404_21v2,방범·방재·보안설비공사,20020104,구내통신설비공사,유선통신구축,통신기술,정보통신,21v2,3,N,N
2002010405_21v2,방송·음향설비공사,20020104,구내통신설비공사,유선통신구축,통신기술,정보통신,21v2,3,N,N
2002010406_21v2,홈네트워크설비공사,20020104,구내통신설비공사,유선통신구축,통신기술,정보통신,21v2,3,N,N
2002010407_21v2,구내전화설비공사,20020104,구내통신설비공사,유선통신구축,통신기술,정보통신,21v2,3,N,N
2002010408_21v2,EMP방호설비공사,20020104,구내통신설비공사,유선통신구축,통신기술,정보통신,21v2,4,N,N
2002010409_21v2,주차관제설비공사,20020104,구내통신설비공사,유선통신구축,통신기술,정보통신,21v2,3,N,N
2002010410_21v2,빌딩안내설비공사,20020104,구내통신설비공사,유선통신구축,통신기술,정보통신,21v2,3,N,N
2002010411_21v2,정보통신전용 전원·접지설비공사,20020104,구내통신설비공사,유선통신구축,통신기술,정보통신,21v2,3,N,N
2002010412_21v1,통합배선설비공사,20020104,구내통신설비공사,유선통신구축,통신기술,정보통신,21v1,3,N,N
2002010413_21v1,지능형 영상감시설비공사,20020104,구내통신설비공사,유선통신구축,통신기술,정보통신,21v1,3,N,N
2002010414_21v1,구내 관제센터설비공사,20020104,구내통신설비공사,유선통신구축,통신기술,정보통신,21v1,4,N,N
2002010415_21v1,xEMS설비공사,20020104,구내통신설비공사,유선통신구축,통신기술,정보통신,21v1,4,N,N
2002010416_21v1,구내통신설비 유지보수,20020104,구내통신설비공사,유선통신구축,통신기술,정보통신,21v1,3,N,N
2002010501_17v1,실감형플랫폼 요구사항분석,20020105,실감형플랫폼구축,유선통신구축,통신기술,정보통신,17v1,6,N,N
2002010502_17v1,실감형플랫폼 구축계획,20020105,실감형플랫폼구축,유선통신구축,통신기술,정보통신,17v1,5,N,N
2002010503_17v1,실감형플랫폼 설계,20020105,실감형플랫폼구축,유선통신구축,통신기술,정보통신,17v1,4,N,N
2002010504_17v1,실감형플랫폼 구축공사,20020105,실감형플랫폼구축,유선통신구축,통신기술,정보통신,17v1,3,N,N
2002010505_17v1,실감형플랫폼 감리,20020105,실감형플랫폼구축,유선통신구축,통신기술,정보통신,17v1,5,N,N
2002010506_17v1,실감형플랫폼 운용관리,20020105,실감형플랫폼구축,유선통신구축,통신기술,정보통신,17v1,3,N,N
2002010507_17v1,실감형플랫폼 품질관리,20020105,실감형플랫폼구축,유선통신구축,통신기술,정보통신,17v1,3,N,N
2002010508_17v1,실감형플랫폼 보안관리,20020105,실감형플랫폼구축,유선통신구축,통신기술,정보통신,17v1,5,N,N
2002010509_17v1,실감형플랫폼 유지보수,20020105,실감형플랫폼구축,유선통신구축,통신기술,정보통신,17v1,2,N,N
2002010601_24v2,철도전송설비공사,20020106,철도정보통신설비공사,유선통신구축,통신기술,정보통신,24v2,4,N,N
2002010602_24v2,선로변통합인터페이스 통신설비공사,20020106,철도정보통신설비공사,유선통신구축,통신기술,정보통신,24v2,3,N,N
2002010603_24v2,열차무선설비공사,20020106,철도정보통신설비공사,유선통신구축,통신기술,정보통신,24v2,5,N,N
2002010604_24v2,철도영상감시설비공사,20020106,철도정보통신설비공사,유선통신구축,통신기술,정보통신,24v2,3,N,N
2002010605_24v2,철도정보통신망설비공사,20020106,철도정보통신설비공사,유선통신구축,통신기술,정보통신,24v2,4,N,N
2002010606_24v2,열차행선안내설비공사,20020106,철도정보통신설비공사,유선통신구축,통신기술,정보통신,24v2,3,N,N
2002010607_24v2,철도재난방송수신설비공사,20020106,철도정보통신설비공사,유선통신구축,통신기술,정보통신,24v2,3,N,N
2002010608_24v2,역무자동화설비공사,20020106,철도정보통신설비공사,유선통신구축,통신기술,정보통신,24v2,4,N,N
2002010609_24v2,철도관제전화설비공사,20020106,철도정보통신설비공사,유선통신구축,통신기술,정보통신,24v2,3,N,N
2002010610_24v2,철도자동안내방송설비공사,20020106,철도정보통신설비공사,유선통신구축,통신기술,정보통신,24v2,3,N,N
2002010701_18v1,교통신호제어설비공사,20020107,도로·교통정보통신설비공사,유선통신구축,통신기술,정보통신,18v1,3,N,N
2002010702_18v1,도로전광판설비공사,20020107,도로·교통정보통신설비공사,유선통신구축,통신기술,정보통신,18v1,3,N,N
2002010703_18v1,교통관제설비공사,20020107,도로·교통정보통신설비공사,유선통신구축,통신기술,정보통신,18v1,4,N,N
2002010704_18v1,교통정보망설비공사,20020107,도로·교통정보통신설비공사,유선통신구축,통신기술,정보통신,18v1,4,N,N
2002010705_18v1,교통상황감시설비공사,20020107,도로·교통정보통신설비공사,유선통신구축,통신기술,정보통신,18v1,3,N,N
2002010706_18v1,차량번호인식설비공사,20020107,도로·교통정보통신설비공사,유선통신구축,통신기술,정보통신,18v1,3,N,N
2002010707_18v1,교통영상정보처리설비공사,20020107,도로·교통정보통신설비공사,유선통신구축,통신기술,정보통신,18v1,3,N,N
2002010708_18v1,과적차량단속설비공사,20020107,도로·교통정보통신설비공사,유선통신구축,통신기술,정보통신,18v1,3,N,N
2002010709_18v1,요금징수설비공사,20020107,도로·교통정보통신설비공사,유선통신구축,통신기술,정보통신,18v1,3,N,N
2002010710_18v1,버스정보시스템(BIS)설비공사,20020107,도로·교통정보통신설비공사,유선통신구축,통신기술,정보통신,18v1,3,N,N
2002010711_18v1,보행자안내설비공사,20020107,도로·교통정보통신설비공사,유선통신구축,통신기술,정보통신,18v1,3,N,N
2002010801_24v2,레이더시스템 설비공사,20020108,항해·항만정보통신설비공사,유선통신구축,통신기술,정보통신,24v2,5,N,N
2002010802_24v2,해상무선통신 설비공사,20020108,항해·항만정보통신설비공사,유선통신구축,통신기술,정보통신,24v2,5,N,N
2002010803_24v2,해상교통관제전송 설비공사,20020108,항해·항만정보통신설비공사,유선통신구축,통신기술,정보통신,24v2,5,N,N
2002010804_24v2,항로표지 관리운영시스템 설비공사,20020108,항해·항만정보통신설비공사,유선통신구축,통신기술,정보통신,24v2,4,N,N
2002010805_24v2,선박자동식별장치 설비공사,20020108,항해·항만정보통신설비공사,유선통신구축,통신기술,정보통신,24v2,3,N,N
2002010806_24v2,위성항법보정시스템(DGNSS) 설비공사,20020108,항해·항만정보통신설비공사,유선통신구축,통신기술,정보통신,24v2,3,N,N
2002010807_24v2,해사위성통신장비 설비공사,20020108,항해·항만정보통신설비공사,유선통신구축,통신기술,정보통신,24v2,3,N,N
2002010808_24v2,자동조타장치 설비공사,20020108,항해·항만정보통신설비공사,유선통신구축,통신기술,정보통신,24v2,4,N,N
2002010809_24v2,항해자료기록장치 설비공사,20020108,항해·항만정보통신설비공사,유선통신구축,통신기술,정보통신,24v2,3,N,N
2002010810_24v2,해양기상통신 설비공사,20020108,항해·항만정보통신설비공사,유선통신구축,통신기술,정보통신,24v2,2,N,N
2002010811_24v2,선박어로설비 설치공사,20020108,항해·항만정보통신설비공사,유선통신구축,통신기술,정보통신,24v2,2,N,N
2002010901_24v2,계기착륙시설공사,20020109,항공·항행정보통신시설공사,유선통신구축,통신기술,정보통신,24v2,4,N,N
2002010902_24v2,자동종속감시시설공사,20020109,항공·항행정보통신시설공사,유선통신구축,통신기술,정보통신,24v2,3,N,N
2002010903_24v2,레이더시설공사,20020109,항공·항행정보통신시설공사,유선통신구축,통신기술,정보통신,24v2,4,N,N
2002010904_24v2,레이더자료자동처리시설공사,20020109,항공·항행정보통신시설공사,유선통신구축,통신기술,정보통신,24v2,5,N,N
2002010905_24v2,거리측정·전방향표지시설공사,20020109,항공·항행정보통신시설공사,유선통신구축,통신기술,정보통신,24v2,3,N,N
2002010906_24v2,항공고정통신시설공사,20020109,항공·항행정보통신시설공사,유선통신구축,통신기술,정보통신,24v2,3,N,N
2002010907_24v2,단거리·단파이동통신시설공사,20020109,항공·항행정보통신시설공사,유선통신구축,통신기술,정보통신,24v2,3,N,N
2002010908_24v2,음성통신제어시설공사,20020109,항공·항행정보통신시설공사,유선통신구축,통신기술,정보통신,24v2,3,N,N
2002010909_24v2,초단파디지털이동통신시설공사,20020109,항공·항행정보통신시설공사,유선통신구축,통신기술,정보통신,24v2,3,N,N
2002010910_24v2,공항정보방송시설공사,20020109,항공·항행정보통신시설공사,유선통신구축,통신기술,정보통신,24v2,2,N,N
2002011001_25v2,클라우드 플랫폼 요구사항 분석,20020110,클라우드플랫폼구축,유선통신구축,통신기술,정보통신,25v2,5,N,N
2002011002_25v2,클라우드 플랫폼 구축계획 수립,20020110,클라우드플랫폼구축,유선통신구축,통신기술,정보통신,25v2,5,N,N
2002011003_25v2,클라우드 플랫폼 설계,20020110,클라우드플랫폼구축,유선통신구축,통신기술,정보통신,25v2,5,N,N
2002011004_25v2,클라우드 하드웨어 인프라 구축,20020110,클라우드플랫폼구축,유선통신구축,통신기술,정보통신,25v2,4,N,N
2002011005_25v2,클라우드 가상화 인프라 구축,20020110,클라우드플랫폼구축,유선통신구축,통신기술,정보통신,25v2,4,N,N
2002011006_25v2,클라우드 백업 복구시스템 구축,20020110,클라우드플랫폼구축,유선통신구축,통신기술,정보통신,25v2,3,N,N
2002011007_25v2,클라우드 보안 구성,20020110,클라우드플랫폼구축,유선통신구축,통신기술,정보통신,25v2,5,N,N
2002011008_25v2,클라우드 플랫폼 시험,20020110,클라우드플랫폼구축,유선통신구축,통신기술,정보통신,25v2,4,N,N
2002011009_25v2,클라우드 플랫폼 유지보수,20020110,클라우드플랫폼구축,유선통신구축,통신기술,정보통신,25v2,3,N,N
2002020101_14v2,무선통신시스템구축 요구사항분석,20020201,무선통신시스템구축,무선통신구축,통신기술,정보통신,14v2,5,N,N
2002020102_14v2,무선통신시스템구축 계획수립,20020201,무선통신시스템구축,무선통신구축,통신기술,정보통신,14v2,5,N,N
2002020103_14v2,무선통신시스템 설계,20020201,무선통신시스템구축,무선통신구축,통신기술,정보통신,14v2,4,N,N
2002020104_14v2,무선통신시스템 장비발주,20020201,무선통신시스템구축,무선통신구축,통신기술,정보통신,14v2,3,N,N
2002020106_14v2,무선통신시스템 시험,20020201,무선통신시스템구축,무선통신구축,통신기술,정보통신,14v2,2,N,N
2002020107_14v2,무선통신시스템구축 감리,20020201,무선통신시스템구축,무선통신구축,통신기술,정보통신,14v2,5,N,N
2002020108_14v2,무선통신시스템 최적화,20020201,무선통신시스템구축,무선통신구축,통신기술,정보통신,14v2,4,N,N
2002020109_14v2,무선통신시스템 인수인계,20020201,무선통신시스템구축,무선통신구축,통신기술,정보통신,14v2,3,N,N
2002020110_14v2,무선통신시스템구축 하자관리,20020201,무선통신시스템구축,무선통신구축,통신기술,정보통신,14v2,4,N,N
2002020111_16v1,무선설비 설계,20020201,무선통신시스템구축,무선통신구축,통신기술,정보통신,16v1,5,N,N
2002020112_16v3,이동통신 기지국 설치,20020201,무선통신시스템구축,무선통신구축,통신기술,정보통신,16v3,3,N,N
2002020113_16v3,이동통신 기지국 연동,20020201,무선통신시스템구축,무선통신구축,통신기술,정보통신,16v3,3,N,N
2002020114_16v1,기본설계서 작성,20020201,무선통신시스템구축,무선통신구축,통신기술,정보통신,16v1,4,N,N
2002020115_16v1,공사계획서 작성,20020201,무선통신시스템구축,무선통신구축,통신기술,정보통신,16v1,4,N,N
2002020116_16v1,설계도면 작성,20020201,무선통신시스템구축,무선통신구축,통신기술,정보통신,16v1,4,N,N
2002020117_16v1,공사비명세서 작성,20020201,무선통신시스템구축,무선통신구축,통신기술,정보통신,16v1,4,N,N
2002020201_22v3,전송시스템구축 요구사항분석,20020202,전송시스템구축,무선통신구축,통신기술,정보통신,22v3,5,N,N
2002020202_22v3,전송시스템구축 계획수립,20020202,전송시스템구축,무선통신구축,통신기술,정보통신,22v3,5,N,N
2002020203_22v3,전송시스템 실시설계,20020202,전송시스템구축,무선통신구축,통신기술,정보통신,22v3,4,N,N
2002020204_22v3,전송시스템구축 시공업체선정,20020202,전송시스템구축,무선통신구축,통신기술,정보통신,22v3,3,N,N
2002020206_22v3,전송시스템구축 부대환경조성,20020202,전송시스템구축,무선통신구축,통신기술,정보통신,22v3,3,N,N
2002020208_22v3,전송시스템 시험,20020202,전송시스템구축,무선통신구축,통신기술,정보통신,22v3,4,N,N
2002020209_22v3,전송시스템구축 감리,20020202,전송시스템구축,무선통신구축,통신기술,정보통신,22v3,5,N,N
2002020210_22v3,전송시스템구축 유지관리,20020202,전송시스템구축,무선통신구축,통신기술,정보통신,22v3,3,N,N
2002020212_22v2,정보통신 기술표준 활용,20020202,전송시스템구축,무선통신구축,통신기술,정보통신,22v2,4,N,N
2002020214_22v3,전송시스템구축 공사,20020202,전송시스템구축,무선통신구축,통신기술,정보통신,22v3,3,N,N
2002020215_22v1,전송시스템 기본설계,20020202,전송시스템구축,무선통신구축,통신기술,정보통신,22v1,4,N,N
2002020301_24v4,무선통신망구축 기본계획,20020203,무선통신망구축,무선통신구축,통신기술,정보통신,24v4,5,N,N
2002020302_24v4,무선통신망구축 기본설계,20020203,무선통신망구축,무선통신구축,통신기술,정보통신,24v4,4,N,N
2002020303_24v4,무선통신망구축 실시설계,20020203,무선통신망구축,무선통신구축,통신기술,정보통신,24v4,5,N,N
2002020304_24v4,무선통신망구축 장비발주,20020203,무선통신망구축,무선통신구축,통신기술,정보통신,24v4,3,N,N
2002020306_24v4,무선통신망 시험,20020203,무선통신망구축,무선통신구축,통신기술,정보통신,24v4,4,N,N
2002020307_24v4,무선통신망구축 감리,20020203,무선통신망구축,무선통신구축,통신기술,정보통신,24v4,5,N,N
2002020308_24v4,무선통신망 기술기준적용,20020203,무선통신망구축,무선통신구축,통신기술,정보통신,24v4,4,N,N
2002020309_24v3,무선통신망구축 운용지원,20020203,무선통신망구축,무선통신구축,통신기술,정보통신,24v3,3,N,N
2002020310_24v4,무선통신망구축 유지보수,20020203,무선통신망구축,무선통신구축,통신기술,정보통신,24v4,3,N,N
2002020311_24v3,무선통신 전파환경 분석,20020203,무선통신망구축,무선통신구축,통신기술,정보통신,24v3,4,N,N
2002020312_24v3,안테나계 설비 설계,20020203,무선통신망구축,무선통신구축,통신기술,정보통신,24v3,4,N,N
2002020313_24v3,무선통신 설비 설계,20020203,무선통신망구축,무선통신구축,통신기술,정보통신,24v3,5,N,N
2002020314_24v5,이동통신 중계기 설치 준비,20020203,무선통신망구축,무선통신구축,통신기술,정보통신,24v5,3,N,N
2002020315_24v5,이동통신 중계기 설치,20020203,무선통신망구축,무선통신구축,통신기술,정보통신,24v5,3,N,N
2002020316_24v2,5G 액세스 네트워크 구축,20020203,무선통신망구축,무선통신구축,통신기술,정보통신,24v2,3,N,N
2002020401_24v3,위성통신망 설계,20020204,위성통신망구축,무선통신구축,통신기술,정보통신,24v3,5,N,N
2002020402_24v3,위성통신망 시공,20020204,위성통신망구축,무선통신구축,통신기술,정보통신,24v3,4,N,N
2002020403_24v3,위성통신망 감리,20020204,위성통신망구축,무선통신구축,통신기술,정보통신,24v3,5,N,N
2002020404_24v3,위성체 관제,20020204,위성통신망구축,무선통신구축,통신기술,정보통신,24v3,4,N,N
2002020406_24v3,지구국 시설 유지보수,20020204,위성통신망구축,무선통신구축,통신기술,정보통신,24v3,4,N,N
2002020407_24v3,위성통신망 사업관리,20020204,위성통신망구축,무선통신구축,통신기술,정보통신,24v3,5,N,N
2002020408_24v2,위성 지구국 운용,20020204,위성통신망구축,무선통신구축,통신기술,정보통신,24v2,3,N,N
2002020409_18v1,위성중계기 운용,20020204,위성통신망구축,무선통신구축,통신기술,정보통신,18v1,3,N,N
2002020501_22v3,IoT통신망 요구사항 분석,20020205,IoT통신망구축,무선통신구축,통신기술,정보통신,22v3,5,N,N
2002020502_22v3,IoT통신망 표준 및 기술기준 활용,20020205,IoT통신망구축,무선통신구축,통신기술,정보통신,22v3,4,N,N
2002020503_22v3,IoT통신망 공사 감리,20020205,IoT통신망구축,무선통신구축,통신기술,정보통신,22v3,5,N,N
2002020504_22v3,IoT통신망 전원설비 기술분석,20020205,IoT통신망구축,무선통신구축,통신기술,정보통신,22v3,4,N,N
2002020505_22v3,IoT통신망 LPWAN 기술분석,20020205,IoT통신망구축,무선통신구축,통신기술,정보통신,22v3,3,N,N
2002020506_22v3,IoT통신망 LPWAN 설계,20020205,IoT통신망구축,무선통신구축,통신기술,정보통신,22v3,4,N,N
2002020507_22v3,IoT통신망 LPWAN 공사,20020205,IoT통신망구축,무선통신구축,통신기술,정보통신,22v3,3,N,N
2002020508_22v3,IoT통신망 LPWAN 운용,20020205,IoT통신망구축,무선통신구축,통신기술,정보통신,22v3,3,N,N
2002020509_22v3,IoT통신망 LoWPAN 기술분석,20020205,IoT통신망구축,무선통신구축,통신기술,정보통신,22v3,3,N,N
2002020510_22v3,IoT통신망 LoWPAN 설계,20020205,IoT통신망구축,무선통신구축,통신기술,정보통신,22v3,4,N,N
2002020511_22v3,IoT통신망 LoWPAN 공사,20020205,IoT통신망구축,무선통신구축,통신기술,정보통신,22v3,3,N,N
2002020512_22v3,IoT통신망 LoWPAN 운용,20020205,IoT통신망구축,무선통신구축,통신기술,정보통신,22v3,3,N,N
2002020513_22v1,IoT통신망 보안관리,20020205,IoT통신망구축,무선통신구축,통신기술,정보통신,22v1,4,N,N
2002020601_25v2,공공안전통신망구축 기획,20020206,공공안전통신망구축,무선통신구축,통신기술,정보통신,25v2,5,N,N
2002020602_25v2,공공안전통신망 표준운영절차 수립,20020206,공공안전통신망구축,무선통신구축,통신기술,정보통신,25v2,5,N,N
2002020603_25v2,공공안전통신망 설계,20020206,공공안전통신망구축,무선통신구축,통신기술,정보통신,25v2,4,N,N
2002020604_25v2,공공안전통신망 시공,20020206,공공안전통신망구축,무선통신구축,통신기술,정보통신,25v2,3,N,N
2002020605_25v2,공공안전통신망 운용,20020206,공공안전통신망구축,무선통신구축,통신기술,정보통신,25v2,3,N,N
2002020606_25v2,공공안전통신망 정보보안관리,20020206,공공안전통신망구축,무선통신구축,통신기술,정보통신,25v2,5,N,N
2002020607_25v2,공공안전통신망 시험,20020206,공공안전통신망구축,무선통신구축,통신기술,정보통신,25v2,3,N,N
2002020608_25v2,공공안전통신망 유지보수,20020206,공공안전통신망구축,무선통신구축,통신기술,정보통신,25v2,3,N,N
2002020609_25v2,공공안전통신망 품질관리,20020206,공공안전통신망구축,무선통신구축,통신기술,정보통신,25v2,4,N,N
2002020610_25v2,공공안전통신 서비스 플랫폼 구축,20020206,공공안전통신망구축,무선통신구축,통신기술,정보통신,25v2,5,N,N
2002030101_13v1,영업계획 수립,20020301,유선설비접속서비스,통신서비스,통신기술,정보통신,13v1,6,N,N
2002030102_16v2,회선개통,20020301,유선설비접속서비스,통신서비스,통신기술,정보통신,16v2,2,N,N
2002030103_13v1,운용보전계획수립,20020301,유선설비접속서비스,통신서비스,통신기술,정보통신,13v1,5,N,N
2002030104_16v2,서비스 품질관리,20020301,유선설비접속서비스,통신서비스,통신기술,정보통신,16v2,3,N,N
2002030105_16v2,운용관리,20020301,유선설비접속서비스,통신서비스,통신기술,정보통신,16v2,3,N,N
2002030106_16v2,고장처리,20020301,유선설비접속서비스,통신서비스,통신기술,정보통신,16v2,2,N,N
2002030107_13v1,시설관리,20020301,유선설비접속서비스,통신서비스,통신기술,정보통신,13v1,5,N,N
2002030108_13v1,서비스 요금관리,20020301,유선설비접속서비스,통신서비스,통신기술,정보통신,13v1,5,N,N
2002030109_13v1,개인고객관리,20020301,유선설비접속서비스,통신서비스,통신기술,정보통신,13v1,3,N,N
2002030110_13v1,기업고객관리,20020301,유선설비접속서비스,통신서비스,통신기술,정보통신,13v1,4,N,N
2002030201_13v1,전용회선서비스 사업계획 수립,20020302,전용회선서비스,통신서비스,통신기술,정보통신,13v1,7,N,N
2002030202_13v1,전용회선서비스 상품개발,20020302,전용회선서비스,통신서비스,통신기술,정보통신,13v1,6,N,N
2002030203_13v1,전용회선서비스 영업관리,20020302,전용회선서비스,통신서비스,통신기술,정보통신,13v1,6,N,N
2002030204_13v1,전용회선서비스 제안관리,20020302,전용회선서비스,통신서비스,통신기술,정보통신,13v1,5,N,N
2002030205_13v1,전용회선서비스 회선개통,20020302,전용회선서비스,통신서비스,통신기술,정보통신,13v1,4,N,N
2002030206_13v1,전용회선서비스 회선망 운영관리,20020302,전용회선서비스,통신서비스,통신기술,정보통신,13v1,4,N,N
2002030207_13v1,전용회선서비스 보안관리,20020302,전용회선서비스,통신서비스,통신기술,정보통신,13v1,6,N,N
2002030208_16v2,전용회선서비스 유지보수관리,20020302,전용회선서비스,통신서비스,통신기술,정보통신,16v2,3,N,N
2002030209_16v2,전용회선서비스 장애관리,20020302,전용회선서비스,통신서비스,통신기술,정보통신,16v2,3,N,N
2002030210_13v1,전용회선서비스 기술지원,20020302,전용회선서비스,통신서비스,통신기술,정보통신,13v1,5,N,N
2002030301_22v2,사업 관리 수립,20020303,초고속망서비스,통신서비스,통신기술,정보통신,22v2,7,N,N
2002030302_22v2,운용 보전 계획 수립,20020303,초고속망서비스,통신서비스,통신기술,정보통신,22v2,6,N,N
2002030303_22v2,시스템 관리,20020303,초고속망서비스,통신서비스,통신기술,정보통신,22v2,6,N,N
2002030304_22v2,라우팅 관리,20020303,초고속망서비스,통신서비스,통신기술,정보통신,22v2,6,N,N
2002030305_22v2,소프트웨어 운용관리,20020303,초고속망서비스,통신서비스,통신기술,정보통신,22v2,5,N,N
2002030306_22v3,시스템 점검,20020303,초고속망서비스,통신서비스,통신기술,정보통신,22v3,4,N,N
2002030307_22v3,시스템 장애 처리,20020303,초고속망서비스,통신서비스,통신기술,정보통신,22v3,3,N,N
2002030308_22v3,서비스 고장 수리,20020303,초고속망서비스,통신서비스,통신기술,정보통신,22v3,2,N,N
2002030309_22v3,고장 접수 처리,20020303,초고속망서비스,통신서비스,통신기술,정보통신,22v3,2,N,N
2002030310_22v3,회선 개통,20020303,초고속망서비스,통신서비스,통신기술,정보통신,22v3,2,N,N
2002030311_22v2,예비품 운용관리,20020303,초고속망서비스,통신서비스,통신기술,정보통신,22v2,2,N,N
2002030401_25v3,부가네트워크서비스 인프라 구성관리,20020304,부가네트워크서비스,통신서비스,통신기술,정보통신,25v3,5,N,N
2002030402_25v3,부가네트워크서비스 상품 기획관리,20020304,부가네트워크서비스,통신서비스,통신기술,정보통신,25v3,5,N,N
2002030403_25v3,부가네트워크서비스 영업관리,20020304,부가네트워크서비스,통신서비스,통신기술,정보통신,25v3,5,N,N
2002030404_25v3,부가네트워크서비스 회선개통,20020304,부가네트워크서비스,통신서비스,통신기술,정보통신,25v3,3,N,N
2002030405_25v3,부가네트워크서비스 운영관리,20020304,부가네트워크서비스,통신서비스,통신기술,정보통신,25v3,4,N,N
2002030406_25v3,부가네트워크서비스 보안관리,20020304,부가네트워크서비스,통신서비스,통신기술,정보통신,25v3,6,N,N
2002030407_25v3,부가네트워크서비스 유지보수관리,20020304,부가네트워크서비스,통신서비스,통신기술,정보통신,25v3,3,N,N
2002030408_25v3,부가네트워크서비스 장애관리,20020304,부가네트워크서비스,통신서비스,통신기술,정보통신,25v3,3,N,N
2002030409_25v3,부가네트워크서비스 기술지원,20020304,부가네트워크서비스,통신서비스,통신기술,정보통신,25v3,5,N,N
2002030410_25v3,부가네트워크서비스 사업전략 기획,20020304,부가네트워크서비스,통신서비스,통신기술,정보통신,25v3,6,N,N
2002030501_19v2,전보서비스 기획,20020305,전보서비스,통신서비스,통신기술,정보통신,19v2,4,N,N
2002030502_19v2,전보서비스 마케팅,20020305,전보서비스,통신서비스,통신기술,정보통신,19v2,4,N,N
2002030503_19v2,전보서비스 영업관리,20020305,전보서비스,통신서비스,통신기술,정보통신,19v2,3,N,N
2002030504_19v2,전보서비스 콜센터 운용,20020305,전보서비스,통신서비스,통신기술,정보통신,19v2,3,N,N
2002030505_19v2,전보서비스 접수,20020305,전보서비스,통신서비스,통신기술,정보통신,19v2,2,N,N
2002030506_19v2,전보서비스 송수신,20020305,전보서비스,통신서비스,통신기술,정보통신,19v2,2,N,N
2002030507_19v2,전보서비스 시설 운용,20020305,전보서비스,통신서비스,통신기술,정보통신,19v2,3,N,N
2002030508_19v2,전보서비스 배달,20020305,전보서비스,통신서비스,통신기술,정보통신,19v2,2,N,N
2002030511_19v2,전보서비스 사업지원,20020305,전보서비스,통신서비스,통신기술,정보통신,19v2,4,N,N
2002030601_17v2,이동통신서비스 기획,20020306,이동통신서비스,통신서비스,통신기술,정보통신,17v2,6,N,N
2002030605_17v2,이동통신서비스 운용,20020306,이동통신서비스,통신서비스,통신기술,정보통신,17v2,3,N,N
2002030611_17v1,이동통신서비스 개발,20020306,이동통신서비스,통신서비스,통신기술,정보통신,17v1,5,N,N
2002030612_17v1,이동통신서비스 품질관리,20020306,이동통신서비스,통신서비스,통신기술,정보통신,17v1,4,N,N
2002030613_17v1,이동통신서비스 보안관리,20020306,이동통신서비스,통신서비스,통신기술,정보통신,17v1,5,N,N
2002030614_17v1,이동통신서비스 사업지원,20020306,이동통신서비스,통신서비스,통신기술,정보통신,17v1,3,N,N
2002030615_17v1,이동통신서비스 고객지원,20020306,이동통신서비스,통신서비스,통신기술,정보통신,17v1,2,N,N
2002030616_17v2,이동통신서비스 시험,20020306,이동통신서비스,통신서비스,통신기술,정보통신,17v2,3,N,N
2002030703_25v3,콘텐츠사용자서비스 마케팅,20020307,콘텐츠사용자서비스,통신서비스,통신기술,정보통신,25v3,4,N,N
2002030704_25v3,콘텐츠사용자서비스 계획수립,20020307,콘텐츠사용자서비스,통신서비스,통신기술,정보통신,25v3,5,N,N
2002030705_25v3,콘텐츠사용자서비스 가입관리,20020307,콘텐츠사용자서비스,통신서비스,통신기술,정보통신,25v3,3,N,N
2002030706_25v3,콘텐츠사용자서비스 운영관리,20020307,콘텐츠사용자서비스,통신서비스,통신기술,정보통신,25v3,4,N,N
2002030707_25v3,콘텐츠사용자서비스 품질관리,20020307,콘텐츠사용자서비스,통신서비스,통신기술,정보통신,25v3,4,N,N
2002030708_25v3,콘텐츠사용자서비스 과금관리,20020307,콘텐츠사용자서비스,통신서비스,통신기술,정보통신,25v3,3,N,N
2002030709_25v3,콘텐츠사용자서비스 장애관리,20020307,콘텐츠사용자서비스,통신서비스,통신기술,정보통신,25v3,4,N,N
2002030710_25v3,콘텐츠사용자서비스 고객지원관리,20020307,콘텐츠사용자서비스,통신서비스,통신기술,정보통신,25v3,3,N,N
2002030711_25v3,콘텐츠사용자서비스 기획,20020307,콘텐츠사용자서비스,통신서비스,통신기술,정보통신,25v3,6,N,N
2002030801_20v3,콘텐츠네트워크서비스 기획,20020308,콘텐츠네트워크서비스,통신서비스,통신기술,정보통신,20v3,6,N,N
2002030802_20v3,콘텐츠네트워크서비스 영업관리,20020308,콘텐츠네트워크서비스,통신서비스,통신기술,정보통신,20v3,5,N,N
2002030803_20v3,콘텐츠네트워크서비스 고객관리,20020308,콘텐츠네트워크서비스,통신서비스,통신기술,정보통신,20v3,3,N,N
2002030804_20v3,콘텐츠네트워크서비스 품질관리,20020308,콘텐츠네트워크서비스,통신서비스,통신기술,정보통신,20v3,4,N,N
2002030805_20v3,콘텐츠네트워크서비스시스템 분석,20020308,콘텐츠네트워크서비스,통신서비스,통신기술,정보통신,20v3,5,N,N
2002030806_20v3,콘텐츠네트워크서비스시스템 설계,20020308,콘텐츠네트워크서비스,통신서비스,통신기술,정보통신,20v3,5,N,N
2002030807_20v3,콘텐츠네트워크서비스시스템 구축,20020308,콘텐츠네트워크서비스,통신서비스,통신기술,정보통신,20v3,4,N,N
2002030808_20v3,콘텐츠네트워크서비스시스템 운영,20020308,콘텐츠네트워크서비스,통신서비스,통신기술,정보통신,20v3,4,N,N
2002030809_20v3,콘텐츠네트워크서비스시스템 유지보수,20020308,콘텐츠네트워크서비스,통신서비스,통신기술,정보통신,20v3,3,N,N
2002030810_20v3,콘텐츠네트워크서비스시스템 보안관리,20020308,콘텐츠네트워크서비스,통신서비스,통신기술,정보통신,20v3,4,N,N
2002030901_13v1,무선초고속인터넷서비스 기획,20020309,무선초고속인터넷서비스,통신서비스,통신기술,정보통신,13v1,7,N,N
2002030902_13v1,무선초고속인터넷서비스 설계,20020309,무선초고속인터넷서비스,통신서비스,통신기술,정보통신,13v1,5,N,N
2002030903_13v1,무선초고속인터넷서비스 관리,20020309,무선초고속인터넷서비스,통신서비스,통신기술,정보통신,13v1,5,N,N
2002030904_13v1,무선초고속인터넷서비스 마케팅,20020309,무선초고속인터넷서비스,통신서비스,통신기술,정보통신,13v1,6,N,N
2002030905_16v2,무선초고속인터넷서비스 운영,20020309,무선초고속인터넷서비스,통신서비스,통신기술,정보통신,16v2,3,N,N
2002030906_13v1,무선초고속인터넷서비스 기술,20020309,무선초고속인터넷서비스,통신서비스,통신기술,정보통신,13v1,5,N,N
2002030907_13v1,무선초고속인터넷서비스 표준,20020309,무선초고속인터넷서비스,통신서비스,통신기술,정보통신,13v1,4,N,N
2002030908_13v1,무선초고속인터넷서비스 보호,20020309,무선초고속인터넷서비스,통신서비스,통신기술,정보통신,13v1,5,N,N
2002030909_13v1,무선초고속인터넷서비스 규제대응,20020309,무선초고속인터넷서비스,통신서비스,통신기술,정보통신,13v1,5,N,N
2002030910_16v2,무선초고속인터넷서비스 현장지원,20020309,무선초고속인터넷서비스,통신서비스,통신기술,정보통신,16v2,3,N,N
2002031008_19v2,주파수공용통신 시스템 점검,20020310,주파수공용통신,통신서비스,통신기술,정보통신,19v2,3,N,N
2002031009_19v2,주파수공용통신 시스템 보안관리,20020310,주파수공용통신,통신서비스,통신기술,정보통신,19v2,4,N,N
2002031011_19v2,주파수공용통신 서비스 관리계획,20020310,주파수공용통신,통신서비스,통신기술,정보통신,19v2,4,N,N
2002031012_19v2,주파수공용통신 시스템 운용,20020310,주파수공용통신,통신서비스,통신기술,정보통신,19v2,3,N,N
2002031013_19v2,주파수공용통신 시스템 장애처리,20020310,주파수공용통신,통신서비스,통신기술,정보통신,19v2,3,N,N
2002031014_19v2,주파수공용통신 상황관제,20020310,주파수공용통신,통신서비스,통신기술,정보통신,19v2,3,N,N
2002031101_19v2,무선호출메시징서비스 기획,20020311,무선호출메시징서비스,통신서비스,통신기술,정보통신,19v2,5,N,N
2002031102_19v2,무선호출메시징서비스 설계,20020311,무선호출메시징서비스,통신서비스,통신기술,정보통신,19v2,4,N,N
2002031103_19v2,무선호출메시징 네트워크 구축,20020311,무선호출메시징서비스,통신서비스,통신기술,정보통신,19v2,4,N,N
2002031104_19v2,무선호출메시징 네트워크 운용,20020311,무선호출메시징서비스,통신서비스,통신기술,정보통신,19v2,3,N,N
2002031105_19v2,무선호출메시징 네트워크 유지보수,20020311,무선호출메시징서비스,통신서비스,통신기술,정보통신,19v2,4,N,N
2002031106_19v2,무선호출메시징 네트워크 최적화,20020311,무선호출메시징서비스,통신서비스,통신기술,정보통신,19v2,5,N,N
2002031107_19v2,무선호출메시징서비스 관리,20020311,무선호출메시징서비스,통신서비스,통신기술,정보통신,19v2,4,N,N
2002031108_19v2,무선호출메시징서비스 장애복구,20020311,무선호출메시징서비스,통신서비스,통신기술,정보통신,19v2,5,N,N
2002031109_19v2,무선호출메시징서비스 개선,20020311,무선호출메시징서비스,통신서비스,통신기술,정보통신,19v2,4,N,N
2002031110_19v2,무선호출메시징서비스 마케팅,20020311,무선호출메시징서비스,통신서비스,통신기술,정보통신,19v2,6,N,N
2002031201_19v2,위성통신서비스 기획,20020312,위성통신서비스,통신서비스,통신기술,정보통신,19v2,5,N,N
2002031202_19v2,위성통신서비스 개발,20020312,위성통신서비스,통신서비스,통신기술,정보통신,19v2,4,N,N
2002031208_19v2,위성통신서비스 보안관리,20020312,위성통신서비스,통신서비스,통신기술,정보통신,19v2,3,N,N
2002031211_19v1,위성통신서비스 성능시험,20020312,위성통신서비스,통신서비스,통신기술,정보통신,19v1,3,N,N
2002031212_19v2,위성통신설비 기능검사,20020312,위성통신서비스,통신서비스,통신기술,정보통신,19v2,3,N,N
2002031213_19v1,위성통신시스템 유지보수,20020312,위성통신서비스,통신서비스,통신기술,정보통신,19v1,3,N,N
2002031214_19v2,위성통신서비스 사업관리,20020312,위성통신서비스,통신서비스,통신기술,정보통신,19v2,4,N,N
2002031215_19v2,위성통신서비스 품질관리,20020312,위성통신서비스,통신서비스,통신기술,정보통신,19v2,4,N,N
2002031303_19v2,IoT융합서비스 디바이스 개발,20020313,특수이동통신서비스,통신서비스,통신기술,정보통신,19v2,4,N,N
2002031304_19v2,IoT융합서비스 플랫폼 개발,20020313,특수이동통신서비스,통신서비스,통신기술,정보통신,19v2,5,N,N
2002031308_19v2,IoT융합서비스 품질관리,20020313,특수이동통신서비스,통신서비스,통신기술,정보통신,19v2,4,N,N
2002031309_19v2,IoT융합서비스 마케팅관리,20020313,특수이동통신서비스,통신서비스,통신기술,정보통신,19v2,4,N,N
2002031311_19v2,IoT융합서비스 업무분석,20020313,특수이동통신서비스,통신서비스,통신기술,정보통신,19v2,5,N,N
2002031312_19v1,IoT융합서비스 네트워크 개발,20020313,특수이동통신서비스,통신서비스,통신기술,정보통신,19v1,4,N,N
2002031313_19v1,IoT융합서비스 소프트웨어 개발,20020313,특수이동통신서비스,통신서비스,통신기술,정보통신,19v1,4,N,N
2002031314_19v2,IoT융합서비스 정보시스템 운용,20020313,특수이동통신서비스,통신서비스,통신기술,정보통신,19v2,3,N,N
2002031315_19v2,IoT융합서비스 운영관리,20020313,특수이동통신서비스,통신서비스,통신기술,정보통신,19v2,3,N,N
2002031316_19v1,IoT융합서비스 보안 관리,20020313,특수이동통신서비스,통신서비스,통신기술,정보통신,19v1,4,N,N
2002031401_19v2,인터넷지원서비스 신청관리,20020314,인터넷지원서비스,통신서비스,통신기술,정보통신,19v2,3,N,N
2002031403_19v2,인터넷지원서비스 품질관리,20020314,인터넷지원서비스,통신서비스,통신기술,정보통신,19v2,4,N,N
2002031404_19v2,인터넷 망 장애관리,20020314,인터넷지원서비스,통신서비스,통신기술,정보통신,19v2,3,N,N
2002031405_19v2,인터넷지원서비스 이용자지원관리,20020314,인터넷지원서비스,통신서비스,통신기술,정보통신,19v2,4,N,N
2002031407_19v2,인터넷서비스 기반설비 관리,20020314,인터넷지원서비스,통신서비스,통신기술,정보통신,19v2,5,N,N
2002031408_19v2,인터넷지원서비스 상품 기획 관리,20020314,인터넷지원서비스,통신서비스,통신기술,정보통신,19v2,5,N,N
2002031410_19v2,인터넷지원서비스 과금 관리,20020314,인터넷지원서비스,통신서비스,통신기술,정보통신,19v2,3,N,N
2002031411_19v2,인터넷지원서비스 개통관리지원,20020314,인터넷지원서비스,통신서비스,통신기술,정보통신,19v2,3,N,N
2002031501_19v2,부가통신응용중계서비스 기획,20020315,부가통신응용중계서비스,통신서비스,통신기술,정보통신,19v2,5,N,N
2002031502_19v2,부가통신응용중계서비스 설계,20020315,부가통신응용중계서비스,통신서비스,통신기술,정보통신,19v2,5,N,N
2002031503_19v2,부가통신응용중계서비스 구현,20020315,부가통신응용중계서비스,통신서비스,통신기술,정보통신,19v2,4,N,N
2002031504_19v2,부가통신응용중계서비스 영업관리,20020315,부가통신응용중계서비스,통신서비스,통신기술,정보통신,19v2,4,N,N
2002031505_19v2,부가통신응용중계서비스 개통,20020315,부가통신응용중계서비스,통신서비스,통신기술,정보통신,19v2,3,N,N
2002031506_19v2,부가통신응용중계서비스 모니터링,20020315,부가통신응용중계서비스,통신서비스,통신기술,정보통신,19v2,3,N,N
2002031507_19v2,부가통신응용중계서비스 유지보수,20020315,부가통신응용중계서비스,통신서비스,통신기술,정보통신,19v2,3,N,N
2002031508_19v2,부가통신응용중계서비스 인프라관리,20020315,부가통신응용중계서비스,통신서비스,통신기술,정보통신,19v2,4,N,N
2002031509_19v2,부가통신응용중계서비스 고객서비스,20020315,부가통신응용중계서비스,통신서비스,통신기술,정보통신,19v2,3,N,N
2002031510_19v2,부가통신응용중계서비스 교육,20020315,부가통신응용중계서비스,통신서비스,통신기술,정보통신,19v2,4,N,N
2002031601_19v2,서비스 기획,20020316,특수부가통신서비스,통신서비스,통신기술,정보통신,19v2,5,N,N
2002031602_19v2,서비스 마케팅 계획,20020316,특수부가통신서비스,통신서비스,통신기술,정보통신,19v2,5,N,N
2002031603_19v2,서비스 체계관리,20020316,특수부가통신서비스,통신서비스,통신기술,정보통신,19v2,5,N,N
2002031604_19v2,서비스 개발,20020316,특수부가통신서비스,통신서비스,통신기술,정보통신,19v2,5,N,N
2002031605_19v2,서비스 설치,20020316,특수부가통신서비스,통신서비스,통신기술,정보통신,19v2,2,N,N
2002031606_19v2,서비스 시험,20020316,특수부가통신서비스,통신서비스,통신기술,정보통신,19v2,3,N,N
2002031607_19v2,서비스 개통,20020316,특수부가통신서비스,통신서비스,통신기술,정보통신,19v2,2,N,N
2002031608_19v2,서비스 운용,20020316,특수부가통신서비스,통신서비스,통신기술,정보통신,19v2,3,N,N
2002031609_19v2,시스템 운영,20020316,특수부가통신서비스,통신서비스,통신기술,정보통신,19v2,4,N,N
2002031610_19v2,서비스 품질관리,20020316,특수부가통신서비스,통신서비스,통신기술,정보통신,19v2,5,N,N
2002031701_13v1,무선데이터통신서비스 기획,20020317,무선데이터통신서비스,통신서비스,통신기술,정보통신,13v1,6,N,N
2002031702_13v1,무선데이터통신서비스 마케팅 계획,20020317,무선데이터통신서비스,통신서비스,통신기술,정보통신,13v1,5,N,N
2002031703_13v1,무선데이터통신서비스 시스템 개발,20020317,무선데이터통신서비스,통신서비스,통신기술,정보통신,13v1,4,N,N
2002031704_13v1,무선데이터통신서비스 시스템 구매,20020317,무선데이터통신서비스,통신서비스,통신기술,정보통신,13v1,3,N,N
2002031705_13v1,무선데이터통신서비스 시스템 시공,20020317,무선데이터통신서비스,통신서비스,통신기술,정보통신,13v1,2,N,N
2002031706_13v1,무선데이터통신서비스 시스템 운용,20020317,무선데이터통신서비스,통신서비스,통신기술,정보통신,13v1,2,N,N
2002031707_13v1,무선데이터통신서비스 시스템 유지보수,20020317,무선데이터통신서비스,통신서비스,통신기술,정보통신,13v1,3,N,N
2002031708_16v2,무선데이터통신서비스 시스템 품질관리,20020317,무선데이터통신서비스,통신서비스,통신기술,정보통신,16v2,3,N,N
2002031709_13v1,무선데이터통신서비스 시스템 교육훈련,20020317,무선데이터통신서비스,통신서비스,통신기술,정보통신,13v1,2,N,N
2002031710_13v1,무선데이터통신서비스 시스템 보안,20020317,무선데이터통신서비스,통신서비스,통신기술,정보통신,13v1,4,N,N
2002031801_23v2,디지털비지니스지원서비스 플랫폼 기획,20020318,디지털비즈니스지원서비스,통신서비스,통신기술,정보통신,23v2,4,N,N
2002031804_23v2,디지털비지니스지원서비스 플랫폼 운용관리,20020318,디지털비즈니스지원서비스,통신서비스,통신기술,정보통신,23v2,3,N,N
2002031805_23v2,디지털비지니스지원서비스 플랫폼 보안관리,20020318,디지털비즈니스지원서비스,통신서비스,통신기술,정보통신,23v2,4,N,N
2002031806_23v2,디지털비지니스지원서비스 환경 분석,20020318,디지털비즈니스지원서비스,통신서비스,통신기술,정보통신,23v2,3,N,N
2002031807_23v2,디지털비지니스지원서비스 고객사 영업,20020318,디지털비즈니스지원서비스,통신서비스,통신기술,정보통신,23v2,4,N,N
2002031811_23v2,디지털비지니스지원서비스 제작,20020318,디지털비즈니스지원서비스,통신서비스,통신기술,정보통신,23v2,3,N,N
2002031812_23v2,디지털비지니스지원서비스 운영,20020318,디지털비즈니스지원서비스,통신서비스,통신기술,정보통신,23v2,3,N,N
2002031814_23v2,디지털비지니스지원서비스 효과 분석,20020318,디지털비즈니스지원서비스,통신서비스,통신기술,정보통신,23v2,4,N,N
2002031815_23v2,디지털비지니스지원서비스 사후관리,20020318,디지털비즈니스지원서비스,통신서비스,통신기술,정보통신,23v2,4,N,N
2002031816_23v2,디지털비즈니스지원서비스 플랫폼 설계,20020318,디지털비즈니스지원서비스,통신서비스,통신기술,정보통신,23v2,4,N,N
2002031817_23v2,디지털비즈니스지원서비스 미디어 전략수립,20020318,디지털비즈니스지원서비스,통신서비스,통신기술,정보통신,23v2,4,N,N
2002031901_23v2,실감형통신서비스 기획,20020319,실감형통신서비스,통신서비스,통신기술,정보통신,23v2,6,N,N
2002031902_23v2,실감형통신서비스 사업관리,20020319,실감형통신서비스,통신서비스,통신기술,정보통신,23v2,4,N,N
2002031903_23v2,실감형통신서비스 설계,20020319,실감형통신서비스,통신서비스,통신기술,정보통신,23v2,5,N,N
2002031904_23v2,실감형통신서비스 구축,20020319,실감형통신서비스,통신서비스,통신기술,정보통신,23v2,4,N,N
2002031905_23v2,실감형통신서비스 운용,20020319,실감형통신서비스,통신서비스,통신기술,정보통신,23v2,3,N,N
2002031906_23v2,실감형통신서비스 보안관리,20020319,실감형통신서비스,통신서비스,통신기술,정보통신,23v2,5,N,N
2002031907_23v2,실감형통신서비스 품질관리,20020319,실감형통신서비스,통신서비스,통신기술,정보통신,23v2,3,N,N
2002031908_23v2,실감형통신서비스 유지보수,20020319,실감형통신서비스,통신서비스,통신기술,정보통신,23v2,2,N,N
2002031909_23v2,실감형통신서비스 고객관리,20020319,실감형통신서비스,통신서비스,통신기술,정보통신,23v2,3,N,N
2002031910_23v2,실감형통신서비스 단말기 관리,20020319,실감형통신서비스,통신서비스,통신기술,정보통신,23v2,2,N,N
2002040102_22v2,가상현실 시스템 설계,20020401,가상현실콘텐츠제작,실감형콘텐츠제작,통신기술,정보통신,22v2,4,N,N
2002040104_22v2,영상 소스 후반 작업,20020401,가상현실콘텐츠제작,실감형콘텐츠제작,통신기술,정보통신,22v2,3,N,N
2002040107_22v2,오디오 소스 후반 작업,20020401,가상현실콘텐츠제작,실감형콘텐츠제작,통신기술,정보통신,22v2,3,N,N
2002040108_22v2,가상현실 응용프로그래밍,20020401,가상현실콘텐츠제작,실감형콘텐츠제작,통신기술,정보통신,22v2,4,N,N
2002040109_22v2,네트워크 프로그래밍,20020401,가상현실콘텐츠제작,실감형콘텐츠제작,통신기술,정보통신,22v2,4,N,N
2002040110_22v2,가상현실 콘텐츠 배포,20020401,가상현실콘텐츠제작,실감형콘텐츠제작,통신기술,정보통신,22v2,3,N,N
2002040111_22v1,가상현실 콘텐츠 UI/UX 시스템 기획,20020401,가상현실콘텐츠제작,실감형콘텐츠제작,통신기술,정보통신,22v1,3,N,N
2002040112_22v2,가상현실 콘텐츠 제작관리,20020401,가상현실콘텐츠제작,실감형콘텐츠제작,통신기술,정보통신,22v2,5,N,N
2002040113_22v2,가상현실 콘텐츠 기획,20020401,가상현실콘텐츠제작,실감형콘텐츠제작,통신기술,정보통신,22v2,3,N,N
2002040114_22v2,CG 소스 후반 작업,20020401,가상현실콘텐츠제작,실감형콘텐츠제작,통신기술,정보통신,22v2,3,N,N
2002040201_22v2,실감콘텐츠 촬영 기획,20020402,실감콘텐츠촬영,실감형콘텐츠제작,통신기술,정보통신,22v2,5,N,N
2002040203_22v2,실감콘텐츠 촬영 디자인,20020402,실감콘텐츠촬영,실감형콘텐츠제작,통신기술,정보통신,22v2,4,N,N
2002040204_22v2,실감콘텐츠 촬영계획 수립,20020402,실감콘텐츠촬영,실감형콘텐츠제작,통신기술,정보통신,22v2,4,N,N
2002040205_22v2,실감콘텐츠 촬영장비 운용,20020402,실감콘텐츠촬영,실감형콘텐츠제작,통신기술,정보통신,22v2,3,N,N
2002040206_22v2,포토그래매트리 촬영,20020402,실감콘텐츠촬영,실감형콘텐츠제작,통신기술,정보통신,22v2,4,N,N
2002040207_22v2,레이저스캔,20020402,실감콘텐츠촬영,실감형콘텐츠제작,통신기술,정보통신,22v2,4,N,N
2002040208_22v2,360도 VR 촬영,20020402,실감콘텐츠촬영,실감형콘텐츠제작,통신기술,정보통신,22v2,4,N,N
2002040210_22v2,실감콘텐츠 최적화,20020402,실감콘텐츠촬영,실감형콘텐츠제작,통신기술,정보통신,22v2,5,N,N
2002040301_22v2,증강현실 콘텐츠 기획,20020403,증강현실(AR)콘텐츠제작,실감형콘텐츠제작,통신기술,정보통신,22v2,5,N,N
2002040302_22v2,증강현실 UI/UX 설계,20020403,증강현실(AR)콘텐츠제작,실감형콘텐츠제작,통신기술,정보통신,22v2,4,N,N
2002040306_22v2,증강현실 제작 리소스 최적화,20020403,증강현실(AR)콘텐츠제작,실감형콘텐츠제작,통신기술,정보통신,22v2,4,N,N
2002040307_22v2,증강현실 콘텐츠 개발,20020403,증강현실(AR)콘텐츠제작,실감형콘텐츠제작,통신기술,정보통신,22v2,5,N,N
2002040308_22v2,증강현실 콘텐츠 서버 구축,20020403,증강현실(AR)콘텐츠제작,실감형콘텐츠제작,통신기술,정보통신,22v2,3,N,N
2002040309_22v2,증강현실 콘텐츠 데이터 관리,20020403,증강현실(AR)콘텐츠제작,실감형콘텐츠제작,통신기술,정보통신,22v2,3,N,N
2002040310_22v1,증강현실 제작 리소스 개발,20020403,증강현실(AR)콘텐츠제작,실감형콘텐츠제작,통신기술,정보통신,22v1,3,N,N
2002040311_22v1,증강현실 실시간 서비스,20020403,증강현실(AR)콘텐츠제작,실감형콘텐츠제작,통신기술,정보통신,22v1,4,N,N
2003010101_25v2,중계방송기획,20030101,중계방송,방송제작기술,방송기술,정보통신,25v2,6,N,N
2003010102_25v2,중계방송시스템구축,20030101,중계방송,방송제작기술,방송기술,정보통신,25v2,5,N,N
2003010103_25v2,중계전송망운용,20030101,중계방송,방송제작기술,방송기술,정보통신,25v2,4,N,N
2003010104_25v2,중계방송영상제작,20030101,중계방송,방송제작기술,방송기술,정보통신,25v2,4,N,N
2003010105_25v2,중계방송음향제작,20030101,중계방송,방송제작기술,방송기술,정보통신,25v2,4,N,N
2003010106_25v2,중계방송조명,20030101,중계방송,방송제작기술,방송기술,정보통신,25v2,4,N,N
2003010107_25v2,중계방송카메라운용,20030101,중계방송,방송제작기술,방송기술,정보통신,25v2,4,N,N
2003010108_25v2,중계방송녹화,20030101,중계방송,방송제작기술,방송기술,정보통신,25v2,4,N,N
2003010109_25v2,중계방송시스템관리,20030101,중계방송,방송제작기술,방송기술,정보통신,25v2,5,N,N
2003010110_25v2,중계방송차량관리,20030101,중계방송,방송제작기술,방송기술,정보통신,25v2,3,N,N
2003010111_25v2,특수중계방송,20030101,중계방송,방송제작기술,방송기술,정보통신,25v2,5,N,N
2003010201_14v1,방송품질관리기획,20030102,방송품질관리,방송제작기술,방송기술,정보통신,14v1,7,N,N
2003010202_14v1,방송영상품질관리,20030102,방송품질관리,방송제작기술,방송기술,정보통신,14v1,5,N,N
2003010203_14v1,방송음향품질관리,20030102,방송품질관리,방송제작기술,방송기술,정보통신,14v1,5,N,N
2003010204_14v1,방송데이터품질관리,20030102,방송품질관리,방송제작기술,방송기술,정보통신,14v1,5,N,N
2003010205_14v1,방송콘텐츠저장품질관리,20030102,방송품질관리,방송제작기술,방송기술,정보통신,14v1,5,N,N
2003010206_14v1,방송콘텐츠코덱품질관리,20030102,방송품질관리,방송제작기술,방송기술,정보통신,14v1,6,N,N
2003010207_14v1,방송제작리소스품질관리,20030102,방송품질관리,방송제작기술,방송기술,정보통신,14v1,5,N,N
2003010208_14v1,방송신호 분배·송출품질관리,20030102,방송품질관리,방송제작기술,방송기술,정보통신,14v1,5,N,N
2003010209_14v1,방송종합품질관리,20030102,방송품질관리,방송제작기술,방송기술,정보통신,14v1,6,N,N
2003010210_14v1,방송품질 법·제도관리,20030102,방송품질관리,방송제작기술,방송기술,정보통신,14v1,5,N,N
2003020101_17v2,라디오 방송 기술 기획,20030201,라디오방송,방송플랫폼기술,방송기술,정보통신,17v2,7,N,N
2003020102_17v2,라디오 방송 기술 관리,20030201,라디오방송,방송플랫폼기술,방송기술,정보통신,17v2,7,N,N
2003020103_17v2,라디오 방송 스튜디오 제작 기술,20030201,라디오방송,방송플랫폼기술,방송기술,정보통신,17v2,5,N,N
2003020104_17v2,라디오 방송 중계 제작 기술,20030201,라디오방송,방송플랫폼기술,방송기술,정보통신,17v2,5,N,N
2003020105_17v2,라디오 방송 방송통신융합 시스템 운용,20030201,라디오방송,방송플랫폼기술,방송기술,정보통신,17v2,4,N,N
2003020106_17v2,라디오 방송 송출 기술,20030201,라디오방송,방송플랫폼기술,방송기술,정보통신,17v2,6,N,N
2003020107_17v2,라디오 방송 송신 기술,20030201,라디오방송,방송플랫폼기술,방송기술,정보통신,17v2,6,N,N
2003020108_17v2,라디오 방송 망 운용,20030201,라디오방송,방송플랫폼기술,방송기술,정보통신,17v2,6,N,N
2003020109_17v2,라디오 방송 시스템 관리,20030201,라디오방송,방송플랫폼기술,방송기술,정보통신,17v2,6,N,N
2003020110_17v2,라디오 방송 기술 연구 개발,20030201,라디오방송,방송플랫폼기술,방송기술,정보통신,17v2,6,N,N
2003020201_17v2,TV방송 기술기획,20030202,지상파TV방송,방송플랫폼기술,방송기술,정보통신,17v2,7,N,N
2003020202_13v1,TV방송 기술감독,20030202,지상파TV방송,방송플랫폼기술,방송기술,정보통신,13v1,6,N,N
2003020203_17v2,TV방송 영상·녹화,20030202,지상파TV방송,방송플랫폼기술,방송기술,정보통신,17v2,5,N,N
2003020204_17v2,TV방송 음향·녹음,20030202,지상파TV방송,방송플랫폼기술,방송기술,정보통신,17v2,5,N,N
2003020205_13v1,TV방송 조명,20030202,지상파TV방송,방송플랫폼기술,방송기술,정보통신,13v1,5,N,N
2003020206_13v1,TV방송 종합편집,20030202,지상파TV방송,방송플랫폼기술,방송기술,정보통신,13v1,6,N,N
2003020207_17v2,TV방송 중계,20030202,지상파TV방송,방송플랫폼기술,방송기술,정보통신,17v2,6,N,N
2003020208_17v2,TV방송 송출,20030202,지상파TV방송,방송플랫폼기술,방송기술,정보통신,17v2,5,N,N
2003020209_17v2,TV방송 회선운용,20030202,지상파TV방송,방송플랫폼기술,방송기술,정보통신,17v2,5,N,N
2003020210_17v2,TV방송 송신기술,20030202,지상파TV방송,방송플랫폼기술,방송기술,정보통신,17v2,6,N,N
2003020211_17v1,UHDTV 방송기술,20030202,지상파TV방송,방송플랫폼기술,방송기술,정보통신,17v1,5,N,N
2003020301_17v2,DMB 서비스 기획,20030203,지상파DMB,방송플랫폼기술,방송기술,정보통신,17v2,6,N,N
2003020302_13v1,지상파DMB 연구개발,20030203,지상파DMB,방송플랫폼기술,방송기술,정보통신,13v1,6,N,N
2003020303_17v2,지상파DMB 단말 인증,20030203,지상파DMB,방송플랫폼기술,방송기술,정보통신,17v2,4,N,N
2003020304_17v2,데이터방송 채널 운용,20030203,지상파DMB,방송플랫폼기술,방송기술,정보통신,17v2,5,N,N
2003020305_17v2,방송운행시스템운용,20030203,지상파DMB,방송플랫폼기술,방송기술,정보통신,17v2,4,N,N
2003020306_17v2,송출 시스템 운용,20030203,지상파DMB,방송플랫폼기술,방송기술,정보통신,17v2,5,N,N
2003020307_17v2,콘텐츠품질관리,20030203,지상파DMB,방송플랫폼기술,방송기술,정보통신,17v2,4,N,N
2003020308_17v2,원격제어시스템 운용,20030203,지상파DMB,방송플랫폼기술,방송기술,정보통신,17v2,4,N,N
2003020309_17v2,무선국 운용,20030203,지상파DMB,방송플랫폼기술,방송기술,정보통신,17v2,6,N,N
2003020310_17v2,지상파DMB 방송망 운용,20030203,지상파DMB,방송플랫폼기술,방송기술,정보통신,17v2,5,N,N
2003020311_17v2,송신기 운용,20030203,지상파DMB,방송플랫폼기술,방송기술,정보통신,17v2,5,N,N
2003020401_17v2,기술기획수립_PP,20030204,케이블방송,방송플랫폼기술,방송기술,정보통신,17v2,6,N,N
2003020402_17v2,기술 감독_PP,20030204,케이블방송,방송플랫폼기술,방송기술,정보통신,17v2,6,N,N
2003020403_17v2,영상 감독_PP,20030204,케이블방송,방송플랫폼기술,방송기술,정보통신,17v2,5,N,N
2003020404_17v2,음향 감독_PP,20030204,케이블방송,방송플랫폼기술,방송기술,정보통신,17v2,5,N,N
2003020405_17v2,조명 감독_PP,20030204,케이블방송,방송플랫폼기술,방송기술,정보통신,17v2,5,N,N
2003020406_17v2,중계기술 운용_PP,20030204,케이블방송,방송플랫폼기술,방송기술,정보통신,17v2,6,N,N
2003020407_17v2,편집 감독_PP,20030204,케이블방송,방송플랫폼기술,방송기술,정보통신,17v2,6,N,N
2003020408_17v2,방송 컴퓨터그래픽 디자인_PP,20030204,케이블방송,방송플랫폼기술,방송기술,정보통신,17v2,5,N,N
2003020409_17v2,방송네트워크시스템운용_PP,20030204,케이블방송,방송플랫폼기술,방송기술,정보통신,17v2,4,N,N
2003020410_17v2,송출시스템운용_PP,20030204,케이블방송,방송플랫폼기술,방송기술,정보통신,17v2,3,N,N
2003020411_17v2,방송시스템관리_PP,20030204,케이블방송,방송플랫폼기술,방송기술,정보통신,17v2,5,N,N
2003020412_17v2,방송시스템기획_SO,20030204,케이블방송,방송플랫폼기술,방송기술,정보통신,17v2,6,N,N
2003020413_17v2,방송시스템구축_SO,20030204,케이블방송,방송플랫폼기술,방송기술,정보통신,17v2,5,N,N
2003020414_17v2,방송시스템관제_SO,20030204,케이블방송,방송플랫폼기술,방송기술,정보통신,17v2,4,N,N
2003020415_17v2,단말기개발기획_SO,20030204,케이블방송,방송플랫폼기술,방송기술,정보통신,17v2,6,N,N
2003020416_17v2,단말기개발검증_SO,20030204,케이블방송,방송플랫폼기술,방송기술,정보통신,17v2,4,N,N
2003020417_17v2,인터넷 네트워크 기획_SO,20030204,케이블방송,방송플랫폼기술,방송기술,정보통신,17v2,6,N,N
2003020418_17v2,인터넷 네트워크 구축_SO,20030204,케이블방송,방송플랫폼기술,방송기술,정보통신,17v2,5,N,N
2003020419_17v2,인터넷 네트워크 관제_SO,20030204,케이블방송,방송플랫폼기술,방송기술,정보통신,17v2,4,N,N
2003020420_17v2,전송선로설비구축_SO,20030204,케이블방송,방송플랫폼기술,방송기술,정보통신,17v2,5,N,N
2003020421_17v2,전송선로설비운용_SO,20030204,케이블방송,방송플랫폼기술,방송기술,정보통신,17v2,5,N,N
2003020422_17v2,전송선로설비자재관리_SO,20030204,케이블방송,방송플랫폼기술,방송기술,정보통신,17v2,4,N,N
2003020423_17v2,"가입자 단말기 설치, 철거_SO",20030204,케이블방송,방송플랫폼기술,방송기술,정보통신,17v2,2,N,N
2003020424_17v2,가입자 단말기 A/S_SO,20030204,케이블방송,방송플랫폼기술,방송기술,정보통신,17v2,2,N,N
2003020501_14v1,인터넷멀티미디어방송 기술기획,20030205,인터넷멀티미디어방송,방송플랫폼기술,방송기술,정보통신,14v1,7,N,N
2003020502_14v1,인터넷멀티미디어방송 설계구축,20030205,인터넷멀티미디어방송,방송플랫폼기술,방송기술,정보통신,14v1,6,N,N
2003020503_16v2,인터넷멀티미디어방송 실시간채널운용,20030205,인터넷멀티미디어방송,방송플랫폼기술,방송기술,정보통신,16v2,4,N,N
2003020504_16v2,인터넷멀티미디어방송 VOD운용,20030205,인터넷멀티미디어방송,방송플랫폼기술,방송기술,정보통신,16v2,4,N,N
2003020505_14v1,인터넷멀티미디어방송 CDN운용,20030205,인터넷멀티미디어방송,방송플랫폼기술,방송기술,정보통신,14v1,4,N,N
2003020506_16v2,인터넷멀티미디어방송 양방향 데이터서비스운용,20030205,인터넷멀티미디어방송,방송플랫폼기술,방송기술,정보통신,16v2,5,N,N
2003020507_16v2,인터넷멀티미디어방송 방송네트워크운용,20030205,인터넷멀티미디어방송,방송플랫폼기술,방송기술,정보통신,16v2,5,N,N
2003020508_14v1,인터넷멀티미디어방송 방송정보운용,20030205,인터넷멀티미디어방송,방송플랫폼기술,방송기술,정보통신,14v1,4,N,N
2003020509_16v2,인터넷멀티미디어방송 HeadEnd시스템관리,20030205,인터넷멀티미디어방송,방송플랫폼기술,방송기술,정보통신,16v2,5,N,N
2003020510_14v1,인터넷멀티미디어방송 CAS/DRM관리,20030205,인터넷멀티미디어방송,방송플랫폼기술,방송기술,정보통신,14v1,5,N,N
2003020511_14v1,인터넷멀티미디어방송 광고운용,20030205,인터넷멀티미디어방송,방송플랫폼기술,방송기술,정보통신,14v1,4,N,N
2003020512_14v1,인터넷멀티미디어방송 단말기개발,20030205,인터넷멀티미디어방송,방송플랫폼기술,방송기술,정보통신,14v1,5,N,N
2003020513_14v1,인터넷멀티미디어방송 단말기관리,20030205,인터넷멀티미디어방송,방송플랫폼기술,방송기술,정보통신,14v1,2,N,N
2003020514_14v1,인터넷멀티미디어방송 응용서비스개발,20030205,인터넷멀티미디어방송,방송플랫폼기술,방송기술,정보통신,14v1,5,N,N
2003030101_23v3,유무선 통합서비스 기획,20030301,유무선통합서비스,방송서비스,방송기술,정보통신,23v3,5,N,N
2003030102_23v3,유무선 통합시스템 설계,20030301,유무선통합서비스,방송서비스,방송기술,정보통신,23v3,4,N,N
2003030103_23v3,유무선 통합시스템 구축,20030301,유무선통합서비스,방송서비스,방송기술,정보통신,23v3,3,N,N
2003030104_23v3,유무선 통합서비스 콘텐츠 개발,20030301,유무선통합서비스,방송서비스,방송기술,정보통신,23v3,4,N,N
2003030105_23v3,유무선 통합망 운용,20030301,유무선통합서비스,방송서비스,방송기술,정보통신,23v3,3,N,N
2003030106_23v3,유무선 통합망 관리,20030301,유무선통합서비스,방송서비스,방송기술,정보통신,23v3,3,N,N
2003030107_23v3,중계분배 시스템 운용,20030301,유무선통합서비스,방송서비스,방송기술,정보통신,23v3,3,N,N
2003030109_23v3,서비스 단말기기 응용서비스 관리,20030301,유무선통합서비스,방송서비스,방송기술,정보통신,23v3,4,N,N
2003030110_23v3,유무선 통합시스템 유지보수,20030301,유무선통합서비스,방송서비스,방송기술,정보통신,23v3,3,N,N
2003030111_23v3,유무선 통합시스템 정보보안체계 관리,20030301,유무선통합서비스,방송서비스,방송기술,정보통신,23v3,4,N,N
2003030201_22v2,방송 기술기획,20030302,방송시스템운영,방송서비스,방송기술,정보통신,22v2,5,N,N
2003030203_22v3,방송제작시스템 운용,20030302,방송시스템운영,방송서비스,방송기술,정보통신,22v3,3,N,N
2003030204_22v2,방송편집 시스템 운용,20030302,방송시스템운영,방송서비스,방송기술,정보통신,22v2,3,N,N
2003030205_22v2,영상 그래픽 시스템 운용,20030302,방송시스템운영,방송서비스,방송기술,정보통신,22v2,3,N,N
2003030206_22v3,저장 및 콘텐츠 관리,20030302,방송시스템운영,방송서비스,방송기술,정보통신,22v3,3,N,N
2003030207_22v3,송출시스템 운용,20030302,방송시스템운영,방송서비스,방송기술,정보통신,22v3,3,N,N
2003030208_22v3,송신시스템 운용(RF/IPTV/CABLE/위성),20030302,방송시스템운영,방송서비스,방송기술,정보통신,22v3,3,N,N
2003030209_22v3,신호품질관리,20030302,방송시스템운영,방송서비스,방송기술,정보통신,22v3,4,N,N
2003030210_22v2,방송시스템 유지보수,20030302,방송시스템운영,방송서비스,방송기술,정보통신,22v2,4,N,N
2003030212_22v3,방송시스템 구축,20030302,방송시스템운영,방송서비스,방송기술,정보통신,22v3,4,N,N
2003030301_22v2,정보시스템 운영기획 수립,20030303,정보시스템운영,방송서비스,방송기술,정보통신,22v2,5,N,N
2003030303_13v1,제작지원 정보시스템 운영,20030303,정보시스템운영,방송서비스,방송기술,정보통신,13v1,3,N,N
2003030304_22v3,영상편집 시스템 운영,20030303,정보시스템운영,방송서비스,방송기술,정보통신,22v3,4,N,N
2003030305_22v3,음향편집 시스템 운영,20030303,정보시스템운영,방송서비스,방송기술,정보통신,22v3,4,N,N
2003030306_13v1,송출 정보시스템 운영,20030303,정보시스템운영,방송서비스,방송기술,정보통신,13v1,5,N,N
2003030307_13v1,송신 정보시스템 운영,20030303,정보시스템운영,방송서비스,방송기술,정보통신,13v1,5,N,N
2003030308_22v2,콘텐츠 저장 분배 시스템 운영,20030303,정보시스템운영,방송서비스,방송기술,정보통신,22v2,4,N,N
2003030309_22v3,미디어자산관리 시스템 운영,20030303,정보시스템운영,방송서비스,방송기술,정보통신,22v3,5,N,N
2003030310_22v2,네트워크 운영,20030303,정보시스템운영,방송서비스,방송기술,정보통신,22v2,4,N,N
2003030311_22v2,서버/스토리지 시스템 관리,20030303,정보시스템운영,방송서비스,방송기술,정보통신,22v2,5,N,N
2003030312_22v2,데이터베이스 시스템 관리,20030303,정보시스템운영,방송서비스,방송기술,정보통신,22v2,5,N,N
2003030313_22v2,정보시스템 보안관리,20030303,정보시스템운영,방송서비스,방송기술,정보통신,22v2,4,N,N
2003030314_22v3,정보시스템 요구분석,20030303,정보시스템운영,방송서비스,방송기술,정보통신,22v3,5,N,N
2003030315_22v3,정보시스템 설계구축,20030303,정보시스템운영,방송서비스,방송기술,정보통신,22v3,5,N,N
2003030401_13v1,기술 기획,20030304,방송기술지원서비스,방송서비스,방송기술,정보통신,13v1,7,N,N
2003030402_13v1,기술 관리,20030304,방송기술지원서비스,방송서비스,방송기술,정보통신,13v1,7,N,N
2003030403_13v1,방송기술 연구개발,20030304,방송기술지원서비스,방송서비스,방송기술,정보통신,13v1,7,N,N
2003030404_13v1,제작 지원,20030304,방송기술지원서비스,방송서비스,방송기술,정보통신,13v1,5,N,N
2003030406_13v1,중계 지원,20030304,방송기술지원서비스,방송서비스,방송기술,정보통신,13v1,5,N,N
2003030407_13v1,송출 지원,20030304,방송기술지원서비스,방송서비스,방송기술,정보통신,13v1,5,N,N
2003030408_13v1,방송 인프라스트럭처 구축,20030304,방송기술지원서비스,방송서비스,방송기술,정보통신,13v1,6,N,N
2003030409_13v1,방송장비 품질 관리,20030304,방송기술지원서비스,방송서비스,방송기술,정보통신,13v1,6,N,N
2003030410_13v1,방송망 관리,20030304,방송기술지원서비스,방송서비스,방송기술,정보통신,13v1,6,N,N
2003030411_16v2,IT기반 방송시스템 운용,20030304,방송기술지원서비스,방송서비스,방송기술,정보통신,16v2,5,N,N
2003030412_16v2,인터넷서비스 플랫폼 운용,20030304,방송기술지원서비스,방송서비스,방송기술,정보통신,16v2,4,N,N
2003030501_23v3,방송장비 유지보수 계획수립,20030305,방송장비설치유지보수,방송서비스,방송기술,정보통신,23v3,5,N,N
2003030502_23v3,시공 계획,20030305,방송장비설치유지보수,방송서비스,방송기술,정보통신,23v3,5,N,N
2003030503_23v3,자료 조사,20030305,방송장비설치유지보수,방송서비스,방송기술,정보통신,23v3,4,N,N
2003030504_23v3,방송시스템 설계,20030305,방송장비설치유지보수,방송서비스,방송기술,정보통신,23v3,5,N,N
2003030505_23v3,방송장비 구매,20030305,방송장비설치유지보수,방송서비스,방송기술,정보통신,23v3,4,N,N
2003030507_23v3,방송장비 준공검사,20030305,방송장비설치유지보수,방송서비스,방송기술,정보통신,23v3,5,N,N
2003030508_23v3,방송시스템 운영,20030305,방송장비설치유지보수,방송서비스,방송기술,정보통신,23v3,5,N,N
2003030509_23v3,방송장비유지보수,20030305,방송장비설치유지보수,방송서비스,방송기술,정보통신,23v3,4,N,N
2003030510_23v3,방송품질관리,20030305,방송장비설치유지보수,방송서비스,방송기술,정보통신,23v3,5,N,N
2003030511_23v3,방송장비 시공관리,20030305,방송장비설치유지보수,방송서비스,방송기술,정보통신,23v3,5,N,N
2003030512_23v3,방송장비 공사시공,20030305,방송장비설치유지보수,방송서비스,방송기술,정보통신,23v3,4,N,N
2003030601_19v1,소셜미디어 기획,20030306,소셜미디어방송서비스,방송서비스,방송기술,정보통신,19v1,5,N,N
2003030602_19v1,소셜미디어 영상·음향제작,20030306,소셜미디어방송서비스,방송서비스,방송기술,정보통신,19v1,3,N,N
2003030603_19v1,소셜미디어 그래픽 제작,20030306,소셜미디어방송서비스,방송서비스,방송기술,정보통신,19v1,3,N,N
2003030604_19v1,소셜미디어 라이브(생방송)운용,20030306,소셜미디어방송서비스,방송서비스,방송기술,정보통신,19v1,3,N,N
2003030605_19v1,소셜미디어 채널 운영,20030306,소셜미디어방송서비스,방송서비스,방송기술,정보통신,19v1,4,N,N
2003030606_19v1,소셜미디어 콘텐츠 분석,20030306,소셜미디어방송서비스,방송서비스,방송기술,정보통신,19v1,5,N,N
2003030607_19v1,소셜미디어 마케팅,20030306,소셜미디어방송서비스,방송서비스,방송기술,정보통신,19v1,4,N,N
2003030608_19v1,소셜미디어 시스템 기획,20030306,소셜미디어방송서비스,방송서비스,방송기술,정보통신,19v1,6,N,N
2003030609_19v1,소셜미디어 시스템 설계·구축,20030306,소셜미디어방송서비스,방송서비스,방송기술,정보통신,19v1,5,N,N
2003030610_19v1,소셜미디어 시스템 운용,20030306,소셜미디어방송서비스,방송서비스,방송기술,정보통신,19v1,3,N,N
2003030611_19v1,소셜미디어 윤리 준수,20030306,소셜미디어방송서비스,방송서비스,방송기술,정보통신,19v1,3,N,N
