domain,ncs_code,subdivision,module_code,unit_name,sysDstinCd,fileMstky,filedetlSeq,saved_as
web-app,20010202,응용SW엔지니어링,2001020201_23v5,요구사항 확인,03,20251229161533091,20251229161533692,CURRICULUM-WEB-APP\modules\20010202_응용SW엔지니어링\01_요구사항 확인\reference\LM2001020201_23v5_요구사항 확인_20251108.pdf
web-app,20010202,응용SW엔지니어링,2001020205_23v6,데이터 입출력 구현,03,20251229161623912,20251229161624462,CURRICULUM-WEB-APP\modules\20010202_응용SW엔지니어링\05_데이터 입출력 구현\reference\LM2001020205_23v6_데이터 입출력 구현_20251108.pdf
web-app,20010202,응용SW엔지니어링,2001020206_23v6,통합 구현,03,20251229161702813,20251229161703476,CURRICULUM-WEB-APP\modules\20010202_응용SW엔지니어링\06_통합 구현\reference\LM2001020206_23v6_통합 구현_20251108.pdf
web-app,20010202,응용SW엔지니어링,2001020208_23v5,정보시스템 이행,03,20251229161749086,20251229161749526,CURRICULUM-WEB-APP\modules\20010202_응용SW엔지니어링\08_정보시스템 이행\reference\LM2001020208_23v5_정보시스템 이행_20251108.pdf
web-app,20010202,응용SW엔지니어링,2001020209_23v6,제품소프트웨어 패키징,03,20251229161834450,20251229161834920,CURRICULUM-WEB-APP\modules\20010202_응용SW엔지니어링\09_제품소프트웨어 패키징\reference\LM2001020209_23v6_제품소프트웨어 패키징_20251108.pdf
web-app,20010202,응용SW엔지니어링,2001020211_23v6,서버프로그램 구현,03,20251229161925280,20251229161925817,CURRICULUM-WEB-APP\modules\20010202_응용SW엔지니어링\11_서버프로그램 구현\reference\LM2001020211_23v6_서버 프로그램 구현_20251108.pdf
web-app,20010202,응용SW엔지니어링,2001020212_23v6,인터페이스 구현,03,20251229162022555,20251229162023119,CURRICULUM-WEB-APP\modules\20010202_응용SW엔지니어링\12_인터페이스 구현\reference\LM2001020212_23v6_.인터페이스 구현_20251108.pdf
web-app,20010202,응용SW엔지니어링,2001020214_23v6,애플리케이션 배포,03,20251229164439692,20251229164632249,CURRICULUM-WEB-APP\modules\20010202_응용SW엔지니어링\14_애플리케이션 배포\reference\LM2001020214_23v6_애플리케이션 배포_20251108.pdf
web-app,20010202,응용SW엔지니어링,2001020217_23v6,애플리케이션 리팩토링,03,20251229162620485,20251229162621100,CURRICULUM-WEB-APP\modules\20010202_응용SW엔지니어링\17_애플리케이션 리팩토링\reference\LM2001020217_23v6_애플리케이션 리팩토링_20251108.pdf
web-app,20010202,응용SW엔지니어링,2001020218_23v6,인터페이스 설계,03,20251229162725577,20251229162726179,CURRICULUM-WEB-APP\modules\20010202_응용SW엔지니어링\18_인터페이스 설계\reference\LM2001020218_23v6_인터페이스 설계_20251108.pdf
web-app,20010202,응용SW엔지니어링,2001020219_23v6,애플리케이션 요구사항 분석,03,20251229162820126,20251229162820735,CURRICULUM-WEB-APP\modules\20010202_응용SW엔지니어링\19_애플리케이션 요구사항 분석\reference\LM2001020219_23v6_애플리케이션 요구사항 분석_20251108.pdf
web-app,20010202,응용SW엔지니어링,2001020220_23v3,기능 모델링,03,20251229162941826,20251229162942570,CURRICULUM-WEB-APP\modules\20010202_응용SW엔지니어링\20_기능 모델링\reference\LM2001020220_23v3_기능모델링.pdf
web-app,20010202,응용SW엔지니어링,2001020221_23v6,애플리케이션 설계,03,20251229163037637,20251229163038225,CURRICULUM-WEB-APP\modules\20010202_응용SW엔지니어링\21_애플리케이션 설계\reference\LM2001020221_23v6_애플리케이션 설계_20251108.pdf
web-app,20010202,응용SW엔지니어링,2001020222_23v6,정적모델 설계,03,20251229163134032,20251229163134608,CURRICULUM-WEB-APP\modules\20010202_응용SW엔지니어링\22_정적모델 설계\reference\LM2001020222_23v6_정적모델 설계_20251108.pdf
web-app,20010202,응용SW엔지니어링,2001020223_23v6,동적모델 설계,03,20251229163234877,20251229163235567,CURRICULUM-WEB-APP\modules\20010202_응용SW엔지니어링\23_동적모델 설계\reference\LM2001020223_23v6_동적모델 설계_20251108.pdf
web-app,20010202,응용SW엔지니어링,2001020224_23v6,화면 설계,03,20251229163320213,20251229163320694,CURRICULUM-WEB-APP\modules\20010202_응용SW엔지니어링\24_화면 설계\reference\LM2001020224_23v6_.화면 설계_20251108.pdf
web-app,20010202,응용SW엔지니어링,2001020225_23v6,화면 구현,03,20251229163410549,20251229163411115,CURRICULUM-WEB-APP\modules\20010202_응용SW엔지니어링\25_화면 구현\reference\LM2001020225_23v6_화면 구현_20251108.pdf
web-app,20010202,응용SW엔지니어링,2001020226_23v6,애플리케이션 테스트 관리,03,20251229163456697,20251229163457322,CURRICULUM-WEB-APP\modules\20010202_응용SW엔지니어링\26_애플리케이션 테스트 관리\reference\LM2001020226_23v6_애플리케이션 테스트 관리_20251108.pdf
web-app,20010202,응용SW엔지니어링,2001020227_23v6,애플리케이션 테스트 수행,03,20251229163557256,20251229163557771,CURRICULUM-WEB-APP\modules\20010202_응용SW엔지니어링\27_애플리케이션 테스트 수행\reference\LM2001020227_23v6_애플리케이션 테스트 수행_20251108.pdf
web-app,20010202,응용SW엔지니어링,2001020228_23v6,소프트웨어공학 활용,03,20251229163649426,20251229163649992,CURRICULUM-WEB-APP\modules\20010202_응용SW엔지니어링\28_소프트웨어공학 활용\reference\LM2001020228_23v6_소프트웨어공학 활용_20251108.pdf
web-app,20010202,응용SW엔지니어링,2001020229_23v6,소프트웨어개발 방법론 활용,03,20251229163734659,20251229163735188,CURRICULUM-WEB-APP\modules\20010202_응용SW엔지니어링\29_소프트웨어개발 방법론 활용\reference\LM2001020229_23v6_.소프트웨어개발 방법론 활용_20251108.pdf
web-app,20010202,응용SW엔지니어링,2001020230_23v5,프로그래밍 언어 응용,03,20251229163822143,20251229163822644,CURRICULUM-WEB-APP\modules\20010202_응용SW엔지니어링\30_프로그래밍 언어 응용\reference\LM2001020230_23v5_프로그래밍 언어 응용_20251108.pdf
web-app,20010202,응용SW엔지니어링,2001020231_23v5,프로그래밍 언어 활용,03,20251229163905264,20251229163905918,CURRICULUM-WEB-APP\modules\20010202_응용SW엔지니어링\31_프로그래밍 언어 활용\reference\LM2001020231_23v5_.프로그래밍 언어 활용_20251108.pdf
web-app,20010202,응용SW엔지니어링,2001020232_23v5,응용SW 기초 기술 활용,03,20251229164012913,20251229164013411,CURRICULUM-WEB-APP\modules\20010202_응용SW엔지니어링\32_응용SW 기초 기술 활용\reference\LM2001020232_23v5_.응용SW 기초 기술 활용_20251108.pdf
web-app,20010202,응용SW엔지니어링,2001020233_23v5,개발자 환경 구축,03,20251229164134738,20251229164135367,CURRICULUM-WEB-APP\modules\20010202_응용SW엔지니어링\33_개발자 환경 구축\reference\LM2001020233_23v5_.개발자 환경 구축_20251108.pdf
web-app,20010202,응용SW엔지니어링,2001020234_23v2,개발 환경 운영 지원,03,20251229164220263,20251229164220745,CURRICULUM-WEB-APP\modules\20010202_응용SW엔지니어링\34_개발 환경 운영 지원\reference\LM2001020234_23v2_개발 환경 운영 지원_20251108.pdf
web-app,20010202,응용SW엔지니어링,2001020235_23v1,자료구조 활용,03,20251229164338480,20251229164338897,CURRICULUM-WEB-APP\modules\20010202_응용SW엔지니어링\35_자료구조 활용\reference\LM2001020235_23v1_자료구조 활용_20251108.pdf
web-app,20010207,UI/UX엔지니어링,2001020701_25v4,UI/UX 환경 분석,03,20211231110421462,20211231110421469,CURRICULUM-WEB-APP\modules\20010207_UI-UX엔지니어링\01_UI-UX 환경 분석\reference\LM2001020701_UIUX 환경 분석.pdf
web-app,20010207,UI/UX엔지니어링,2001020702_25v4,UI/UX 계획 수립,03,20211231110442326,20211231110442333,CURRICULUM-WEB-APP\modules\20010207_UI-UX엔지니어링\02_UI-UX 계획 수립\reference\LM2001020702_UIUX 계획 수립.pdf
web-app,20010207,UI/UX엔지니어링,2001020703_25v4,사용자 리서치,03,20211231110504138,20211231110504145,CURRICULUM-WEB-APP\modules\20010207_UI-UX엔지니어링\03_사용자 리서치\reference\LM2001020703_사용자 리서치.pdf
web-app,20010207,UI/UX엔지니어링,2001020704_25v4,UI/UX 요구 분석,03,20211231110618168,20211231110618175,CURRICULUM-WEB-APP\modules\20010207_UI-UX엔지니어링\04_UI-UX 요구 분석\reference\LM2001020704_UIUX 요구 분석.pdf
web-app,20010207,UI/UX엔지니어링,2001020705_25v3,UI/UX 콘셉트 기획,03,20211231110548398,20211231110548405,CURRICULUM-WEB-APP\modules\20010207_UI-UX엔지니어링\05_UI-UX 콘셉트 기획\reference\LM2001020705_UIUX 콘셉트 기획.pdf
web-app,20010207,UI/UX엔지니어링,2001020706_25v3,UI 아키텍처 설계,03,20211231110638887,20211231110638894,CURRICULUM-WEB-APP\modules\20010207_UI-UX엔지니어링\06_UI 아키텍처 설계\reference\LM2001020706_UI 아키텍처 설계.pdf
web-app,20010207,UI/UX엔지니어링,2001020707_25v4,UI 디자인,03,20211231110701218,20211231110701225,CURRICULUM-WEB-APP\modules\20010207_UI-UX엔지니어링\07_UI 디자인\reference\LM2001020707_UI 디자인.pdf
web-app,20010207,UI/UX엔지니어링,2001020708_25v4,UI 구현 점검,03,20211231110749435,20211231110749442,CURRICULUM-WEB-APP\modules\20010207_UI-UX엔지니어링\08_UI 구현 점검\reference\LM2001020708_UI 구현.pdf
web-app,20010207,UI/UX엔지니어링,2001020709_25v4,UI 테스트,03,20211231110816326,20211231110816333,CURRICULUM-WEB-APP\modules\20010207_UI-UX엔지니어링\09_UI 테스트\reference\LM2001020709_UI 테스트.pdf
web-app,20010207,UI/UX엔지니어링,2001020710_25v3,UI/UX 가이드 제작,03,20211231110839206,20211231110839213,CURRICULUM-WEB-APP\modules\20010207_UI-UX엔지니어링\10_UI-UX 가이드 제작\reference\LM2001020710_UIUX 가이드 제작.pdf
web-app,20010207,UI/UX엔지니어링,2001020711_25v4,GUI 상세디자인,03,20211231110943153,20211231110943160,CURRICULUM-WEB-APP\modules\20010207_UI-UX엔지니어링\11_GUI 상세디자인\reference\LM2001020711_GUI 상세 디자인.pdf
web-app,20010207,UI/UX엔지니어링,2001020712_25v4,UI 제작,03,20211231111030938,20211231111030945,CURRICULUM-WEB-APP\modules\20010207_UI-UX엔지니어링\12_UI 제작\reference\LM2001020712_UI 제작.pdf
web-app,20010204,DB엔지니어링,2001020401_19v4,데이터베이스 요구사항 분석,03,20211230141316627,20211230141316635,CURRICULUM-WEB-APP\modules\20010204_DB엔지니어링\01_데이터베이스 요구사항 분석\reference\LM2001020401_데이터베이스 요구사항 분석.pdf
web-app,20010204,DB엔지니어링,2001020402_19v4,개념데이터 모델링,03,20211230150243662,20211230150243669,CURRICULUM-WEB-APP\modules\20010204_DB엔지니어링\02_개념데이터 모델링\reference\LM2001020402_개념데이터 모델링.pdf
web-app,20010204,DB엔지니어링,2001020403_19v4,논리 데이터베이스 설계,03,20211230151035376,20211230151035383,CURRICULUM-WEB-APP\modules\20010204_DB엔지니어링\03_논리 데이터베이스 설계\reference\LM2001020403_논리 데이터베이스 설계.pdf
web-app,20010204,DB엔지니어링,2001020404_19v4,물리 데이터베이스 설계,03,20211230151225259,20211230151225266,CURRICULUM-WEB-APP\modules\20010204_DB엔지니어링\04_물리 데이터베이스 설계\reference\LM2001020404_물리 데이터베이스 설계.pdf
web-app,20010204,DB엔지니어링,2001020405_19v4,데이터베이스 구현,03,20211230151329047,20211230151329056,CURRICULUM-WEB-APP\modules\20010204_DB엔지니어링\05_데이터베이스 구현\reference\LM2001020405_데이터베이스 구현.pdf
web-app,20010204,DB엔지니어링,2001020406_16v3,데이터 품질관리,03,20190326132503402,20190326132503408,CURRICULUM-WEB-APP\modules\20010204_DB엔지니어링\_unmatched\reference\LM2001020406_데이터품질관리.pdf
web-app,20010204,DB엔지니어링,2001020408_19v4,데이터베이스 성능확보,03,20211230151620322,20211230151620328,CURRICULUM-WEB-APP\modules\20010204_DB엔지니어링\08_데이터베이스 성능확보\reference\LM2001020408_데이터베이스 성능확보.pdf
web-app,20010204,DB엔지니어링,2001020409_16v3,데이터 표준화(구버전),03,20190326132715203,20190326132715209,CURRICULUM-WEB-APP\modules\20010204_DB엔지니어링\_unmatched\reference\LM2001020409_데이터표준화.pdf
web-app,20010204,DB엔지니어링,2001020410_14v2,SQL활용(구버전),03,20160415142520704,20160415142520714,CURRICULUM-WEB-APP\modules\20010204_DB엔지니어링\_unmatched\reference\DB엔지니어링_10_SQL활용.pdf
web-app,20010204,DB엔지니어링,2001020411_19v4,데이터 전환 설계,03,20211230151828905,20211230151828912,CURRICULUM-WEB-APP\modules\20010204_DB엔지니어링\11_데이터 전환 설계\reference\LM2001020411_데이터 전환 설계.pdf
web-app,20010204,DB엔지니어링,2001020412_19v4,데이터 전환,03,20211230152158665,20211230152158672,CURRICULUM-WEB-APP\modules\20010204_DB엔지니어링\12_데이터 전환\reference\LM2001020412_데이터 전환.pdf
web-app,20010204,DB엔지니어링,2001020413_19v4,SQL활용,03,20211230152814214,20211230152814221,CURRICULUM-WEB-APP\modules\20010204_DB엔지니어링\13_SQL활용\reference\LM2001020413_SQL활용.pdf
web-app,20010204,DB엔지니어링,2001020414_19v4,SQL응용,03,20211230152916771,20211230152916778,CURRICULUM-WEB-APP\modules\20010204_DB엔지니어링\14_SQL응용\reference\LM2001020414_SQL응용.pdf
web-app,20010204,DB엔지니어링,2001020415_19v1,SQL작성,03,20211230172238376,20211230172238382,CURRICULUM-WEB-APP\modules\20010204_DB엔지니어링\15_SQL작성\reference\LM2001020415_SQL작성.pdf
web-app,20010201,SW아키텍처,2001020101_19v4,SW아키텍처 수행 관리,03,20190322094331205,20190322094331212,CURRICULUM-WEB-APP\modules\20010201_SW아키텍처\01_SW아키텍처 수행 관리\reference\LM2001020101_SW아키텍처수행관리.pdf
web-app,20010201,SW아키텍처,2001020102_19v5,SW아키텍처 비전 수립,03,20190322094347932,20190322094347939,CURRICULUM-WEB-APP\modules\20010201_SW아키텍처\02_SW아키텍처 비전 수립\reference\LM2001020102_SW아키텍처비전수립.pdf
web-app,20010201,SW아키텍처,2001020104_19v5,SW아키텍처 요소기술선정,03,20190322094437194,20190322094437199,CURRICULUM-WEB-APP\modules\20010201_SW아키텍처\04_SW아키텍처 요소기술선정\reference\LM2001020104_SW아키텍처요소기술선정.pdf
web-app,20010201,SW아키텍처,2001020106_19v4,SW아키텍처 이행,03,20190322094621850,20190322094621857,CURRICULUM-WEB-APP\modules\20010201_SW아키텍처\06_SW아키텍처 이행\reference\LM2001020106_SW아키텍처이행.pdf
web-app,20010201,SW아키텍처,2001020107_19v4,SW아키텍처 테스트,03,20190322094636899,20190322094636906,CURRICULUM-WEB-APP\modules\20010201_SW아키텍처\07_SW아키텍처 테스트\reference\LM2001020107_SW아키텍처테스트.pdf
web-app,20010201,SW아키텍처,2001020108_19v4,SW 개발 지원,03,20190322094710017,20190322094710023,CURRICULUM-WEB-APP\modules\20010201_SW아키텍처\08_SW 개발 지원\reference\LM2001020108_SW개발지원.pdf
web-app,20010201,SW아키텍처,2001020109_19v4,SW아키텍처 변경 관리,03,20190322094727316,20190322094727321,CURRICULUM-WEB-APP\modules\20010201_SW아키텍처\09_SW아키텍처 변경 관리\reference\LM2001020109_SW아키텍처변경관리.pdf
web-app,20010201,SW아키텍처,2001020110_19v5,SW아키텍처 요구사항 명세화,03,20190322094419518,20190322094419524,"CURRICULUM-WEB-APP\modules\20010201_SW아키텍처\10_SW아키텍처 요구사항 명세화\reference\LM2001020110, LM2001020111_SW아키텍처요구분석.pdf"
web-app,20010201,SW아키텍처,2001020111_19v5,후보 SW아키텍처 명세화,03,20190322094419518,20190322094419524,"CURRICULUM-WEB-APP\modules\20010201_SW아키텍처\11_후보 SW아키텍처 명세화\reference\LM2001020110, LM2001020111_SW아키텍처요구분석.pdf"
web-app,20010201,SW아키텍처,2001020112_19v5,SW아키텍처 설계,03,20190322094606656,20190322094606661,"CURRICULUM-WEB-APP\modules\20010201_SW아키텍처\12_SW아키텍처 설계\reference\LM2001020112, LM2001020113_SW아키텍처설계.pdf"
web-app,20010201,SW아키텍처,2001020113_19v5,SW아키텍처 문서화,03,20190322094606656,20190322094606661,"CURRICULUM-WEB-APP\modules\20010201_SW아키텍처\13_SW아키텍처 문서화\reference\LM2001020112, LM2001020113_SW아키텍처설계.pdf"
security,20010206,보안엔지니어링,2001020601_25v6,보안 구축 계획 수립,03,20241226144929903,20241226144930383,CURRICULUM-SECURITY\modules\20010206_보안엔지니어링\01_보안 구축 계획 수립\reference\LM2001020601_19v5_보안 구축 계획 수립.pdf
security,20010206,보안엔지니어링,2001020602_16v3,보안위험 평가,03,20190322095842900,20190322095842906,CURRICULUM-SECURITY\modules\20010206_보안엔지니어링\_unmatched\reference\LM2001020602_보안위험평가.pdf
security,20010206,보안엔지니어링,2001020603_25v6,보안 구축 요구사항 분석,03,20241226145035014,20241226145035430,CURRICULUM-SECURITY\modules\20010206_보안엔지니어링\03_보안 구축 요구사항 분석\reference\LM2001020603_19v5_보안 구축 요구사항 분석.pdf
security,20010206,보안엔지니어링,2001020604_25v6,관리적 보안 구축,03,20241226145118914,20241226145119413,CURRICULUM-SECURITY\modules\20010206_보안엔지니어링\04_관리적 보안 구축\reference\LM2001020604_19v5_관리적 보안 구축.pdf
security,20010206,보안엔지니어링,2001020605_25v5,물리적 보안 구축,03,20241226145359996,20241226145400493,CURRICULUM-SECURITY\modules\20010206_보안엔지니어링\05_물리적 보안 구축\reference\LM2001020605_19v4_물리적 보안 구축.pdf
security,20010206,보안엔지니어링,2001020606_14v2,기술적 보안 구축,03,20160706094447827,20160706094447833,CURRICULUM-SECURITY\modules\20010206_보안엔지니어링\_unmatched\reference\06.기술적보안구축.pdf
security,20010206,보안엔지니어링,2001020607_16v3,보안체계 운영관리,03,20190322100019670,20190322100019678,CURRICULUM-SECURITY\modules\20010206_보안엔지니어링\_unmatched\reference\LM2001020607_보안체계 운영관리.pdf
security,20010206,보안엔지니어링,2001020608_14v2,보안위협 관리통제,03,20190322100031768,20190322100031775,CURRICULUM-SECURITY\modules\20010206_보안엔지니어링\_unmatched\reference\LM2001020608_보안위협관리통제.pdf
security,20010206,보안엔지니어링,2001020609_16v3,보안감사 수행,03,20190322100046380,20190322100046387,CURRICULUM-SECURITY\modules\20010206_보안엔지니어링\_unmatched\reference\LM2001020609_보안감사수행.pdf
security,20010206,보안엔지니어링,2001020610_25v6,보안인증 관리,03,20241226145439949,20241226145440382,CURRICULUM-SECURITY\modules\20010206_보안엔지니어링\10_보안인증 관리\reference\LM2001020610_19v5_보안인증 관리.pdf
security,20010206,보안엔지니어링,2001020611_25v6,SW개발 보안 구축,03,20241226145608265,20241226145608763,CURRICULUM-SECURITY\modules\20010206_보안엔지니어링\11_SW개발 보안 구축\reference\LM2001020611_19v5_SW개발 보안 구축.pdf
security,20010206,보안엔지니어링,2001020612_25v6,DB보안 구축,03,20241226145705917,20241226145706368,CURRICULUM-SECURITY\modules\20010206_보안엔지니어링\12_DB보안 구축\reference\LM2001020612_19v5_DB보안구축.pdf
security,20010206,보안엔지니어링,2001020613_25v6,시스템 보안 구축,03,20241226145739609,20241226145740102,CURRICULUM-SECURITY\modules\20010206_보안엔지니어링\13_시스템 보안 구축\reference\LM2001020613_19v5_시스템 보안 구축.pdf
security,20010206,보안엔지니어링,2001020614_25v6,네트워크 보안 구축,03,20241226145818865,20241226145819376,CURRICULUM-SECURITY\modules\20010206_보안엔지니어링\14_네트워크 보안 구축\reference\LM2001020614_19v5_NW보안 구축.pdf
security,20010601,정보보호관리·운영,2001060101_19v2,정보보호 거버넌스 구현,03,20231229160346942,20231229160347625,CURRICULUM-SECURITY\modules\20010601_정보보호관리·운영\01_정보보호 거버넌스 구현\reference\LM2001060101_19v2_정보보호 거버넌스 구현.pdf
security,20010601,정보보호관리·운영,2001060102_16v1,개인정보보호 거버넌스 구현,03,20180125155057490,20180125155057491,CURRICULUM-SECURITY\modules\20010601_정보보호관리·운영\_unmatched\reference\02. 개인정보보호거버넌스구현.pdf
security,20010601,정보보호관리·운영,2001060103_19v2,정보보호 정책 기획,03,20231229160905044,20231229160905678,CURRICULUM-SECURITY\modules\20010601_정보보호관리·운영\03_정보보호 정책 기획\reference\LM2001060103_19v2_정보보호 정책 기획.pdf
security,20010601,정보보호관리·운영,2001060104_16v1,개인정보보호 기획,03,20180125155150630,20180125155150632,CURRICULUM-SECURITY\modules\20010601_정보보호관리·운영\_unmatched\reference\04. 개인정보보호기획.pdf
security,20010601,정보보호관리·운영,2001060105_19v2,보안 위험관리,03,20231229161203703,20231229161204479,CURRICULUM-SECURITY\modules\20010601_정보보호관리·운영\05_보안 위험관리\reference\LM2001060105_19v2_보안 위험관리.pdf
security,20010601,정보보호관리·운영,2001060106_19v2,정보보호 계획 수립,03,20231229161634717,20231229161635997,CURRICULUM-SECURITY\modules\20010601_정보보호관리·운영\06_정보보호 계획 수립\reference\LM2001060106_19v2_정보보호 계획 수립.pdf
security,20010601,정보보호관리·운영,2001060107_18v2,개인정보보호 운영,03,20180125155312353,20180125155312354,CURRICULUM-SECURITY\modules\20010601_정보보호관리·운영\_unmatched\reference\07. 개인정보보호운영.pdf
security,20010601,정보보호관리·운영,2001060108_19v3,네트워크 보안 운영,03,20231229162723600,20231229162724174,CURRICULUM-SECURITY\modules\20010601_정보보호관리·운영\08_네트워크 보안 운영\reference\LM2001060108_19v3_네트워크 보안 운영.pdf
security,20010601,정보보호관리·운영,2001060109_19v3,애플리케이션 보안 운영,03,20231229162836357,20231229162836940,CURRICULUM-SECURITY\modules\20010601_정보보호관리·운영\09_애플리케이션 보안 운영\reference\LM2001060109_19v3_애플리케이션 보안 운영.pdf
security,20010601,정보보호관리·운영,2001060110_19v3,시스템 보안 운영,03,20231229163026223,20231229163026925,CURRICULUM-SECURITY\modules\20010601_정보보호관리·운영\10_시스템 보안 운영\reference\LM2001060110_19v3_시스템 보안 운영.pdf
security,20010601,정보보호관리·운영,2001060111_19v3,관리적 보안 운영,03,20231229163349551,20231229163350094,CURRICULUM-SECURITY\modules\20010601_정보보호관리·운영\11_관리적 보안 운영\reference\LM2001060111_19v3_관리적 보안 운영.pdf
security,20010601,정보보호관리·운영,2001060112_19v3,물리 보안 운영,03,20231229163721309,20231229163721858,CURRICULUM-SECURITY\modules\20010601_정보보호관리·운영\12_물리 보안 운영\reference\LM2001060112_19v3_물리 보안 운영.pdf
security,20010601,정보보호관리·운영,2001060113_19v3,보안 장비 운용,03,20231229163753857,20231229163754386,CURRICULUM-SECURITY\modules\20010601_정보보호관리·운영\13_보안 장비 운용\reference\LM2001060113_19v3_보안 장비 운용.pdf
security,20010601,정보보호관리·운영,2001060114_19v3,보안성 검토,03,20231229163424245,20231229163424790,CURRICULUM-SECURITY\modules\20010601_정보보호관리·운영\14_보안성 검토\reference\LM2001060114_19v3_보안성 검토.pdf
security,20010601,정보보호관리·운영,2001060115_19v3,내부 보안 감사 수행,03,20231229164111545,20231229164112347,CURRICULUM-SECURITY\modules\20010601_정보보호관리·운영\15_내부 보안 감사 수행\reference\LM2001060115_19v3_내부 보안 감사 수행.pdf
security,20010601,정보보호관리·운영,2001060116_19v2,협력사 보안 관리,03,20231229164403611,20231229164404214,CURRICULUM-SECURITY\modules\20010601_정보보호관리·운영\16_협력사 보안 관리\reference\LM2001060116_19v2_협력사 보안 관리.pdf
security,20010602,정보보호진단·분석,2001060201_24v3,보안전략수립 컨설팅,03,20180207094749624,20180207094749628,CURRICULUM-SECURITY\modules\20010602_정보보호진단·분석\01_보안전략수립 컨설팅\reference\01. 보안전략수립컨설팅.pdf
security,20010602,정보보호진단·분석,2001060202_16v1,보안 감리,03,20180125171253006,20180125171253009,CURRICULUM-SECURITY\modules\20010602_정보보호진단·분석\_unmatched\reference\02. 보안감리.pdf
security,20010602,정보보호진단·분석,2001060203_24v3,보안감사,03,20180125171400619,20180125171400621,CURRICULUM-SECURITY\modules\20010602_정보보호진단·분석\03_보안감사\reference\03. 보안감사.pdf
security,20010602,정보보호진단·분석,2001060204_24v3,정보보호관리체계 인증심사,03,20180125171431908,20180125171431910,CURRICULUM-SECURITY\modules\20010602_정보보호진단·분석\04_정보보호관리체계 인증심사\reference\04. 정보보호관리체계인증.pdf
security,20010602,정보보호진단·분석,2001060205_19v2,정보보호제품 인증,03,20180125171504458,20180125171504460,CURRICULUM-SECURITY\modules\20010602_정보보호진단·분석\_unmatched\reference\05. 정보보호제품인증.pdf
security,20010602,정보보호진단·분석,2001060206_24v3,보안대책설계 컨설팅,03,20180125171602262,20180125171602264,CURRICULUM-SECURITY\modules\20010602_정보보호진단·분석\06_보안대책설계 컨설팅\reference\06. 보안대책설계컨설팅.pdf
security,20010602,정보보호진단·분석,2001060207_24v3,보안취약점 진단·분석,03,20180202092956009,20180202092956012,CURRICULUM-SECURITY\modules\20010602_정보보호진단·분석\07_보안취약점 진단·분석\reference\07. 정보시스템진단.pdf
security,20010602,정보보호진단·분석,2001060208_24v3,정보보호관리체계 심사컨설팅,03,20180125171713425,20180125171713427,CURRICULUM-SECURITY\modules\20010602_정보보호진단·분석\08_정보보호관리체계 심사컨설팅\reference\08. 정보보호관리체계심사컨설팅.pdf
security,20010602,정보보호진단·분석,2001060209_19v2,정보보호제품 평가 컨설팅,03,20180125171746041,20180125171746043,CURRICULUM-SECURITY\modules\20010602_정보보호진단·분석\_unmatched\reference\09. 정보보호제품평가컨설팅.pdf
security,20010602,정보보호진단·분석,2001060210_24v3,모의해킹,03,20180207094815116,20180207094815120,CURRICULUM-SECURITY\modules\20010602_정보보호진단·분석\10_모의해킹\reference\10. 모의해킹.pdf
security,20010603,보안사고분석대응,2001060301_19v2,보안관제 기획운영,03,20180202102936146,20180202102936149,CURRICULUM-SECURITY\modules\20010603_보안사고분석대응\_unmatched\reference\01. 보안관제기획운영.pdf
security,20010603,보안사고분석대응,2001060302_19v2,컴퓨터 침해사고(CERT)대응팀 구축,03,20180130140329600,20180130140329603,CURRICULUM-SECURITY\modules\20010603_보안사고분석대응\_unmatched\reference\02. 침해대응팀(CERT)구축_.pdf
security,20010603,보안사고분석대응,2001060303_19v2,디지털 포렌식,03,20180125193327743,20180125193327746,CURRICULUM-SECURITY\modules\20010603_보안사고분석대응\_unmatched\reference\03. 디지털포렌식.pdf
security,20010603,보안사고분석대응,2001060304_19v2,사이버조사,03,20180125193459535,20180125193459538,CURRICULUM-SECURITY\modules\20010603_보안사고분석대응\_unmatched\reference\04. 사이버수사.pdf
security,20010603,보안사고분석대응,2001060305_24v3,보안사고 현황분석,03,20180202103014073,20180202103014075,CURRICULUM-SECURITY\modules\20010603_보안사고분석대응\05_보안사고 현황분석\reference\05. 침해사고분석.pdf
security,20010603,보안사고분석대응,2001060306_19v2,악성코드 분석,03,20180130141839637,20180130141839639,CURRICULUM-SECURITY\modules\20010603_보안사고분석대응\_unmatched\reference\06. 악성코드분석_.pdf
security,20010603,보안사고분석대응,2001060307_24v3,탐지로그 분석,03,20220302153747143,20220302153747179,CURRICULUM-SECURITY\modules\20010603_보안사고분석대응\07_탐지로그 분석\reference\LM2001060307_보안로그 분석.pdf
security,20010603,보안사고분석대응,2001060308_19v2,보안사고 대응,03,20180125193826608,20180125193826611,CURRICULUM-SECURITY\modules\20010603_보안사고분석대응\_unmatched\reference\08. 보안이벤트대응.pdf
security,20010608,디지털포렌식,2001060801_20v1,조사계획 수립,03,20211229164812204,20211229164812211,CURRICULUM-SECURITY\modules\20010608_디지털포렌식\01_조사계획 수립\reference\LM2001060801_조사계획 수립.pdf
security,20010608,디지털포렌식,2001060802_20v1,현장 조사,03,20211229164841523,20211229164841530,CURRICULUM-SECURITY\modules\20010608_디지털포렌식\02_현장 조사\reference\LM2001060802_현장 조사.pdf
security,20010608,디지털포렌식,2001060803_20v1,증거 수집,03,20211229164915101,20211229164915110,CURRICULUM-SECURITY\modules\20010608_디지털포렌식\03_증거 수집\reference\LM2001060803_증거 수집.pdf
security,20010608,디지털포렌식,2001060804_20v1,증거 관리,03,20211229165020993,20211229165020999,CURRICULUM-SECURITY\modules\20010608_디지털포렌식\04_증거 관리\reference\LM2001060804_증거 관리.pdf
security,20010608,디지털포렌식,2001060805_20v1,증거 추출,03,20211229165055526,20211229165055533,CURRICULUM-SECURITY\modules\20010608_디지털포렌식\05_증거 추출\reference\LM2001060805_증거 추출.pdf
security,20010608,디지털포렌식,2001060806_20v1,증거 분석,03,20211229165127437,20211229165127444,CURRICULUM-SECURITY\modules\20010608_디지털포렌식\06_증거 분석\reference\LM2001060806_증거 분석.pdf
security,20010608,디지털포렌식,2001060807_20v1,증거 제출,03,20211229165155472,20211229165155479,CURRICULUM-SECURITY\modules\20010608_디지털포렌식\07_증거 제출\reference\LM2001060807_증거 제출.pdf
security,20010612,클라우드,2001061201_23v1,클라우드 정보보호 계획수립,03,20241226151144847,20241226151145316,CURRICULUM-SECURITY\modules\20010612_클라우드\01_클라우드 정보보호 계획수립\reference\LM2001061201_23v1_클라우드 정보보호 계획 수립.pdf
security,20010612,클라우드,2001061202_23v1,클라우드 컴플라이언스 준수,03,20241226151232663,20241226151233124,CURRICULUM-SECURITY\modules\20010612_클라우드\02_클라우드 컴플라이언스 준수\reference\LM2001061202_23v1_클라우드 컴플라이언스 준수.pdf
security,20010612,클라우드,2001061203_23v1,클라우드 네트워크 보안,03,20241226151311666,20241226151312199,CURRICULUM-SECURITY\modules\20010612_클라우드\03_클라우드 네트워크 보안\reference\LM2001061203_23v1_클라우드 네트워크 보안.pdf
security,20010612,클라우드,2001061204_23v1,클라우드 인프라 보안,03,20241226151351117,20241226151351571,CURRICULUM-SECURITY\modules\20010612_클라우드\04_클라우드 인프라 보안\reference\LM2001061204_23v1_클라우드 인프라 보안.pdf
security,20010612,클라우드,2001061205_23v1,클라우드 애플리케이션 보안,03,20241226151517214,20241226151517665,CURRICULUM-SECURITY\modules\20010612_클라우드\05_클라우드 애플리케이션 보안\reference\LM2001061205_23v1_클라우드 애플리케이션 보안.pdf
security,20010612,클라우드,2001061206_23v1,클라우드 데이터 보안,03,20241226151629877,20241226151630304,CURRICULUM-SECURITY\modules\20010612_클라우드\06_클라우드 데이터 보안\reference\LM2001061206_23v1_클라우드 데이터 보안.pdf
security,20010612,클라우드,2001061207_23v1,클라우드 계정관리,03,20241226151708722,20241226151709261,CURRICULUM-SECURITY\modules\20010612_클라우드\07_클라우드 계정관리\reference\LM2001061207_23v1_클라우드 계정관리.pdf
security,20010612,클라우드,2001061208_23v1,클라우드 관리적 보안,03,20241226151739314,20241226151739755,CURRICULUM-SECURITY\modules\20010612_클라우드\08_클라우드 관리적 보안\reference\LM2001061208_23v1_클라우드 관리적 보안.pdf
security,20010612,클라우드,2001061209_23v1,클라우드 보안관리 서비스 운영,03,20241226151818999,20241226151819463,CURRICULUM-SECURITY\modules\20010612_클라우드\09_클라우드 보안관리 서비스 운영\reference\LM2001061209_23v1_클라우드 보안관리 서비스 운영.pdf
security,20010615,SW공급망보안,2001061501_24v1,SW공급망 보안 계획수립,03,20251219142511005,20251219142511618,CURRICULUM-SECURITY\modules\20010615_SW공급망보안\01_SW공급망 보안 계획수립\reference\LM2001061501_24v1_SW공급망 보안 계획수립.pdf
security,20010615,SW공급망보안,2001061502_24v1,SW공급망 인프라 보안,03,20251219142722061,20251219142722626,CURRICULUM-SECURITY\modules\20010615_SW공급망보안\02_SW공급망 인프라 보안\reference\LM2001061502_24v1_SW공급망인프라보안.pdf
security,20010615,SW공급망보안,2001061503_24v1,SW 개발보안 자동화 관리,03,20251219142828363,20251219142828890,CURRICULUM-SECURITY\modules\20010615_SW공급망보안\03_SW 개발보안 자동화 관리\reference\LM2001061503_24v1_SW개발보안자동화관리.pdf
security,20010615,SW공급망보안,2001061504_24v1,SW 취약점 관리,03,20251219142848697,20251219142849336,CURRICULUM-SECURITY\modules\20010615_SW공급망보안\04_SW 취약점 관리\reference\LM2001061504_24v1_SW취약점관리.pdf
security,20010615,SW공급망보안,2001061505_24v1,SW 구성명세서 관리,03,20251219142934033,20251219142934761,CURRICULUM-SECURITY\modules\20010615_SW공급망보안\05_SW 구성명세서 관리\reference\LM2001061505_24v1_SW구성명세서 관리.pdf
security,20010615,SW공급망보안,2001061506_24v1,SW공급망 보안 운영,03,20251219143013928,20251219143014578,CURRICULUM-SECURITY\modules\20010615_SW공급망보안\06_SW공급망 보안 운영\reference\LM2001061506_24v1_SW공급망보안운영.pdf
security,20010611,OT보안,2001061101_23v1,OT보안 정책 기획,03,20241226150250100,20241226150250527,CURRICULUM-SECURITY\modules\20010611_OT보안\01_OT보안 정책 기획\reference\LM2001061101_23v1_OT보안 정책 기획.pdf
security,20010611,OT보안,2001061102_23v1,OT 시스템 운영체계 환경 분석,03,20241226150347818,20241226150348239,CURRICULUM-SECURITY\modules\20010611_OT보안\02_OT 시스템 운영체계 환경 분석\reference\LM2001061102_23v1_OT 시스템 운영체계 환경 분석.pdf
security,20010611,OT보안,2001061103_23v1,OT보안 표준 적용,03,20241226150432805,20241226150433316,CURRICULUM-SECURITY\modules\20010611_OT보안\03_OT보안 표준 적용\reference\LM2001061103_23v1_OT보안 표준 적용.pdf
security,20010611,OT보안,2001061104_23v1,OT보안 체계 설계,03,20241226150530560,20241226150530974,CURRICULUM-SECURITY\modules\20010611_OT보안\04_OT보안 체계 설계\reference\LM2001061104_23v1_OT보안 체계 설계.pdf
security,20010611,OT보안,2001061105_23v1,OT보안 모의해킹,03,20241226150620288,20241226150620782,CURRICULUM-SECURITY\modules\20010611_OT보안\05_OT보안 모의해킹\reference\LM2001061105_23v1_OT보안 모의해킹.pdf
security,20010611,OT보안,2001061106_23v1,OT보안 제품 개발,03,20241226150655910,20241226150656382,CURRICULUM-SECURITY\modules\20010611_OT보안\06_OT보안 제품 개발\reference\LM2001061106_23v1_OT보안 제품 개발.pdf
security,20010611,OT보안,2001061107_23v1,OT 구성요소 보안 구현,03,20241226150739450,20241226150739901,CURRICULUM-SECURITY\modules\20010611_OT보안\07_OT 구성요소 보안 구현\reference\LM2001061107_23v1_OT 구성요소 보안 구현.pdf
security,20010611,OT보안,2001061108_23v1,OT보안 제품 운영,03,20241226150812063,20241226150812486,CURRICULUM-SECURITY\modules\20010611_OT보안\08_OT보안 제품 운영\reference\LM2001061108_23v1_OT보안 제품 운영.pdf
security,20010611,OT보안,2001061109_23v1,OT보안 침해 대응,03,20241226150846198,20241226150846628,CURRICULUM-SECURITY\modules\20010611_OT보안\09_OT보안 침해 대응\reference\LM2001061109_23v1_OT보안 침해 대응.pdf
security,20010616,모빌리티보안,2001061601_24v1,모빌리티 보안 관리체계 수립,03,20251219141318852,20251219141319491,CURRICULUM-SECURITY\modules\20010616_모빌리티보안\01_모빌리티 보안 관리체계 수립\reference\LM2001061601_24v1-모빌리티 보안 관리체계 수립.pdf
security,20010616,모빌리티보안,2001061602_24v1,모빌리티 보안 위협 식별,03,20251219141400308,20251219141400997,CURRICULUM-SECURITY\modules\20010616_모빌리티보안\02_모빌리티 보안 위협 식별\reference\LM2001061602_24v1-모빌리티 보안 위협 식별.pdf
security,20010616,모빌리티보안,2001061603_24v1,모빌리티 보안 위험 관리,03,20251219142010510,20251219142011133,CURRICULUM-SECURITY\modules\20010616_모빌리티보안\03_모빌리티 보안 위험 관리\reference\LM2001061603_24v1-모빌리티 보안 위험 관리.pdf
security,20010616,모빌리티보안,2001061604_24v1,모빌리티 보안 조치 시험,03,20251219142102014,20251219142102529,CURRICULUM-SECURITY\modules\20010616_모빌리티보안\04_모빌리티 보안 조치 시험\reference\LM2001061604_24v1_모빌리티 보안 조치 시험.pdf
security,20010616,모빌리티보안,2001061605_24v1,모빌리티 보안 검증,03,20251219141239381,20251219141239990,CURRICULUM-SECURITY\modules\20010616_모빌리티보안\05_모빌리티 보안 검증\reference\LM2001061605_24v1-모빌리티 보안 검증.pdf
security,20010616,모빌리티보안,2001061606_24v1,모빌리티 보안 운영,03,20251219142136169,20251219142136798,CURRICULUM-SECURITY\modules\20010616_모빌리티보안\06_모빌리티 보안 운영\reference\LM2001061606_24v1-모빌리티 보안 운영.pdf
security,20010616,모빌리티보안,2001061607_24v1,모빌리티 보안 인증,03,20251219142348781,20251219142349511,CURRICULUM-SECURITY\modules\20010616_모빌리티보안\07_모빌리티 보안 인증\reference\LM2001061607_24v1-모빌리티 보안 인증.pdf
cloud-infra,20010214,클라우드솔루션아키텍처,2001021401_21v1,클라우드 솔루션 요구사항 분석,03,20221230100745324,20221230100745577,CURRICULUM-CLOUD-INFRA\modules\20010214_클라우드솔루션아키텍처\01_클라우드 솔루션 요구사항 분석\reference\LM2001021401_21v1_클라우드 솔루션 요구사항 분석.pdf
cloud-infra,20010214,클라우드솔루션아키텍처,2001021402_21v1,클라우드 솔루션 구조 설계,03,20221230100838989,20221230100839228,CURRICULUM-CLOUD-INFRA\modules\20010214_클라우드솔루션아키텍처\02_클라우드 솔루션 구조 설계\reference\LM2001021402_21v1_클라우드솔루션구조설계.pdf
cloud-infra,20010214,클라우드솔루션아키텍처,2001021403_21v1,클라우드 솔루션 보안 설계,03,20221230100937029,20221230100937270,CURRICULUM-CLOUD-INFRA\modules\20010214_클라우드솔루션아키텍처\03_클라우드 솔루션 보안 설계\reference\LM2001021403_21v1_클라우드솔루션보안설계.pdf
cloud-infra,20010214,클라우드솔루션아키텍처,2001021404_21v1,클라우드 솔루션 서비스 설계,03,20221230101104978,20221230101105210,CURRICULUM-CLOUD-INFRA\modules\20010214_클라우드솔루션아키텍처\04_클라우드 솔루션 서비스 설계\reference\LM2001021404_21v1_클라우드 솔루션 서비스 설계.pdf
cloud-infra,20010214,클라우드솔루션아키텍처,2001021405_21v1,클라우드 서비스 비용 최적화 설계,03,20221230101142890,20221230101143129,CURRICULUM-CLOUD-INFRA\modules\20010214_클라우드솔루션아키텍처\05_클라우드 서비스 비용 최적화 설계\reference\LM2001021405_21v1_클라우드 서비스 비용 최적화 설계.pdf
cloud-infra,20010214,클라우드솔루션아키텍처,2001021406_21v1,클라우드 솔루션 전환 설계,03,20221230101155752,20221230101155991,CURRICULUM-CLOUD-INFRA\modules\20010214_클라우드솔루션아키텍처\06_클라우드 솔루션 전환 설계\reference\LM2001021406_21v1_클라우드 솔루션 전환 설계.pdf
cloud-infra,20010214,클라우드솔루션아키텍처,2001021407_21v1,클라우드 솔루션 배포 방안 수립,03,20221230101234873,20221230101235112,CURRICULUM-CLOUD-INFRA\modules\20010214_클라우드솔루션아키텍처\07_클라우드 솔루션 배포 방안 수립\reference\LM2001021407_21v1_클라우드 솔루션 배포 방안 수립.pdf
cloud-infra,20010214,클라우드솔루션아키텍처,2001021408_21v1,클라우드 솔루션 운영 방안 수립,03,20221230101310532,20221230101310768,CURRICULUM-CLOUD-INFRA\modules\20010214_클라우드솔루션아키텍처\08_클라우드 솔루션 운영 방안 수립\reference\LM2001021408_21v1_클라우드 솔루션 운영 방안 수립.pdf
cloud-infra,20010215,클라우드인프라스트럭쳐엔지니어링,2001021501_21v1,클라우드 인프라스트럭쳐 서비스 정책 수립,03,20221230101615993,20221230101616234,CURRICULUM-CLOUD-INFRA\modules\20010215_클라우드인프라스트럭쳐엔지니어링\01_클라우드 인프라스트럭쳐 서비스 정책 수립\reference\LM2001021501_21v1_클라우드 인프라스트럭처 서비스 정책 수립.pdf
cloud-infra,20010215,클라우드인프라스트럭쳐엔지니어링,2001021502_21v1,클라우드 인프라스트럭쳐 서비스 아키텍처 수립,03,20221230101644689,20221230101644927,CURRICULUM-CLOUD-INFRA\modules\20010215_클라우드인프라스트럭쳐엔지니어링\02_클라우드 인프라스트럭쳐 서비스 아키텍처 수립\reference\LM2001021502_21v1_클라우드 인프라스트럭처 서비스 아키텍처 수립.pdf
cloud-infra,20010215,클라우드인프라스트럭쳐엔지니어링,2001021503_21v1,클라우드 서버 서비스 설계,03,20221230101712870,20221230101713107,CURRICULUM-CLOUD-INFRA\modules\20010215_클라우드인프라스트럭쳐엔지니어링\03_클라우드 서버 서비스 설계\reference\LM2001021503_21v1_클라우드 서버 서비스 설계.pdf
cloud-infra,20010215,클라우드인프라스트럭쳐엔지니어링,2001021504_21v1,클라우드 스토리지 서비스 설계,03,20221230101756352,20221230101756592,CURRICULUM-CLOUD-INFRA\modules\20010215_클라우드인프라스트럭쳐엔지니어링\04_클라우드 스토리지 서비스 설계\reference\LM2001021504_21v1_클라우드 스토리지 서비스 설계.pdf
cloud-infra,20010215,클라우드인프라스트럭쳐엔지니어링,2001021505_21v1,클라우드 네트워크 서비스 설계,03,20221230101831567,20221230101831804,CURRICULUM-CLOUD-INFRA\modules\20010215_클라우드인프라스트럭쳐엔지니어링\05_클라우드 네트워크 서비스 설계\reference\LM2001021505_21v1_클라우드 네트워크 서비스 설계.pdf
cloud-infra,20010215,클라우드인프라스트럭쳐엔지니어링,2001021506_21v1,클라우드 서버 서비스 개발,03,20221230101903842,20221230101904095,CURRICULUM-CLOUD-INFRA\modules\20010215_클라우드인프라스트럭쳐엔지니어링\06_클라우드 서버 서비스 개발\reference\LM2001021506_21v1_ 클라우드 서버 서비스 개발.pdf
cloud-infra,20010215,클라우드인프라스트럭쳐엔지니어링,2001021507_21v1,클라우드 스토리지 서비스 개발,03,20221230101946637,20221230101946880,CURRICULUM-CLOUD-INFRA\modules\20010215_클라우드인프라스트럭쳐엔지니어링\07_클라우드 스토리지 서비스 개발\reference\LM2001021507_21v1_클라우드 스토리지 서비스 개발.pdf
cloud-infra,20010215,클라우드인프라스트럭쳐엔지니어링,2001021508_21v1,클라우드 네트워크 서비스 개발,03,20221230102030318,20221230102030555,CURRICULUM-CLOUD-INFRA\modules\20010215_클라우드인프라스트럭쳐엔지니어링\08_클라우드 네트워크 서비스 개발\reference\LM2001021508_21v1_클라우드 네트워크 서비스 개발.pdf
cloud-infra,20010215,클라우드인프라스트럭쳐엔지니어링,2001021509_21v1,클라우드 인프라스트럭쳐 서비스 테스트,03,20221230102106381,20221230102106643,CURRICULUM-CLOUD-INFRA\modules\20010215_클라우드인프라스트럭쳐엔지니어링\09_클라우드 인프라스트럭쳐 서비스 테스트\reference\LM2001021509_21v1_클라우드 인프라스트럭처 서비스 테스트.pdf
cloud-infra,20010215,클라우드인프라스트럭쳐엔지니어링,2001021510_21v1,클라우드 인프라스트럭쳐 서비스 배포,03,20221230102134756,20221230102134991,CURRICULUM-CLOUD-INFRA\modules\20010215_클라우드인프라스트럭쳐엔지니어링\10_클라우드 인프라스트럭쳐 서비스 배포\reference\LM2001021510_21v1_클라우드 인프라스트럭처 서비스 배포.pdf
cloud-infra,20010216,PaaS엔지니어링,2001021601_22v1,PaaS 정책 수립,03,20231229165111036,20231229165111534,CURRICULUM-CLOUD-INFRA\modules\20010216_PaaS엔지니어링\01_PaaS 정책 수립\reference\LM2001021601_22v1_PaaS 정책 수립.pdf
cloud-infra,20010216,PaaS엔지니어링,2001021602_22v1,PaaS 아키텍처 수립,03,20231229132146384,20231229132147058,CURRICULUM-CLOUD-INFRA\modules\20010216_PaaS엔지니어링\02_PaaS 아키텍처 수립\reference\LM2001021602_22v1_PaaS 아키텍처 수립.pdf
cloud-infra,20010216,PaaS엔지니어링,2001021603_22v1,PaaS 백엔드 설계,03,20231229165022177,20231229165022889,CURRICULUM-CLOUD-INFRA\modules\20010216_PaaS엔지니어링\03_PaaS 백엔드 설계\reference\LM2001021603_22v1_PaaS 백엔드 설계.pdf
cloud-infra,20010216,PaaS엔지니어링,2001021604_22v1,PaaS 프론트엔드 설계,03,20231229132555210,20231229132555890,CURRICULUM-CLOUD-INFRA\modules\20010216_PaaS엔지니어링\04_PaaS 프론트엔드 설계\reference\LM2001021604_22v1_PaaS 프론트엔드 설계.pdf
cloud-infra,20010216,PaaS엔지니어링,2001021605_22v1,PaaS 백엔드 개발,03,20231229164935395,20231229164935961,CURRICULUM-CLOUD-INFRA\modules\20010216_PaaS엔지니어링\05_PaaS 백엔드 개발\reference\LM2001021605_22v1_PaaS 백엔드 개발.pdf
cloud-infra,20010216,PaaS엔지니어링,2001021606_22v1,PaaS 프론트엔드 개발,03,20231229133236148,20231229133237065,CURRICULUM-CLOUD-INFRA\modules\20010216_PaaS엔지니어링\06_PaaS 프론트엔드 개발\reference\LM2001021606_22v1_PaaS 프론트엔드 개발.pdf
cloud-infra,20010216,PaaS엔지니어링,2001021607_22v1,PaaS 테스트,03,20231229164851098,20231229164851672,CURRICULUM-CLOUD-INFRA\modules\20010216_PaaS엔지니어링\07_PaaS 테스트\reference\LM2001021607_22v1_PaaS 테스트.pdf
cloud-infra,20010216,PaaS엔지니어링,2001021608_22v1,PaaS 배포,03,20231229134108371,20231229134109222,CURRICULUM-CLOUD-INFRA\modules\20010216_PaaS엔지니어링\08_PaaS 배포\reference\LM2001021608_22v1_PaaS 배포.pdf
cloud-infra,20010216,PaaS엔지니어링,2001021609_22v1,PaaS 운영,03,20231229164817631,20231229164818137,CURRICULUM-CLOUD-INFRA\modules\20010216_PaaS엔지니어링\09_PaaS 운영\reference\LM2001021609_22v1_PaaS 운영.pdf
cloud-infra,20010213,인프라스트럭쳐아키텍처구축,2001021301_25v2,인프라스트럭쳐 현황분석,03,20211230132254546,20211230132254553,CURRICULUM-CLOUD-INFRA\modules\20010213_인프라스트럭쳐아키텍처구축\01_인프라스트럭쳐 현황분석\reference\LM2001021301_인프라스트럭쳐 현황 분석.pdf
cloud-infra,20010213,인프라스트럭쳐아키텍처구축,2001021302_25v2,인프라스트럭쳐 아키텍처 요구사항 정의,03,20211230132538525,20211230132538533,CURRICULUM-CLOUD-INFRA\modules\20010213_인프라스트럭쳐아키텍처구축\02_인프라스트럭쳐 아키텍처 요구사항 정의\reference\LM2001021302_인프라스트럭쳐 아키텍처 요구사항 분석.pdf
cloud-infra,20010213,인프라스트럭쳐아키텍처구축,2001021303_25v2,인프라스트럭쳐 목표 아키텍처 설계,03,20211230132926752,20211230132926759,CURRICULUM-CLOUD-INFRA\modules\20010213_인프라스트럭쳐아키텍처구축\03_인프라스트럭쳐 목표 아키텍처 설계\reference\LM2001021303_인프라스트럭쳐 목표 아키텍처 설계.pdf
cloud-infra,20010213,인프라스트럭쳐아키텍처구축,2001021304_25v2,서버 구성,03,20211230133034465,20211230133034472,CURRICULUM-CLOUD-INFRA\modules\20010213_인프라스트럭쳐아키텍처구축\04_서버 구성\reference\LM2001021304_서버 구성.pdf
cloud-infra,20010213,인프라스트럭쳐아키텍처구축,2001021305_25v2,스토리지 구성,03,20211230133139952,20211230133139959,CURRICULUM-CLOUD-INFRA\modules\20010213_인프라스트럭쳐아키텍처구축\05_스토리지 구성\reference\LM2001021305_스토리지 구성.pdf
cloud-infra,20010213,인프라스트럭쳐아키텍처구축,2001021306_25v2,네트워크 구성,03,20211230133244051,20211230133244058,CURRICULUM-CLOUD-INFRA\modules\20010213_인프라스트럭쳐아키텍처구축\06_네트워크 구성\reference\LM2001021306_네트워크 구성.pdf
cloud-infra,20010213,인프라스트럭쳐아키텍처구축,2001021307_25v2,클라우드 인프라스트럭쳐 서비스 구성,03,20211230133402361,20211230133402368,CURRICULUM-CLOUD-INFRA\modules\20010213_인프라스트럭쳐아키텍처구축\07_클라우드 인프라스트럭쳐 서비스 구성\reference\LM2001021307_클라우드 인프라스트럭쳐 서비스 구성.pdf
cloud-infra,20010213,인프라스트럭쳐아키텍처구축,2001021308_25v2,인프라스트럭쳐 아키텍처 구성 점검,03,20211230133446900,20211230133446907,CURRICULUM-CLOUD-INFRA\modules\20010213_인프라스트럭쳐아키텍처구축\08_인프라스트럭쳐 아키텍처 구성 점검\reference\LM2001021308_인프라스트럭쳐 아키텍처 구성 점검.pdf
cloud-infra,20010213,인프라스트럭쳐아키텍처구축,2001021309_25v2,인프라스트럭쳐 관리체계 수립,03,20211230133904446,20211230133904453,CURRICULUM-CLOUD-INFRA\modules\20010213_인프라스트럭쳐아키텍처구축\09_인프라스트럭쳐 관리체계 수립\reference\LM2001021309_인프라스트럭쳐 관리체계 수립.pdf
cloud-infra,20010301,IT시스템관리,2001030101_19v3,IT시스템 운영 기획,03,20221230085452261,20221230085452505,CURRICULUM-CLOUD-INFRA\modules\20010301_IT시스템관리\01_IT시스템 운영 기획\reference\LM2001030101_19v3_IT시스템 운영 기획.pdf
cloud-infra,20010301,IT시스템관리,2001030102_19v3,IT시스템 자원획득관리,03,20221230085649783,20221230085650028,CURRICULUM-CLOUD-INFRA\modules\20010301_IT시스템관리\02_IT시스템 자원획득관리\reference\LM2001030102_19v3_IT시스템 자원획득 관리.pdf
cloud-infra,20010301,IT시스템관리,2001030103_19v3,IT시스템 서비스 수준관리,03,20221230085828922,20221230085829164,CURRICULUM-CLOUD-INFRA\modules\20010301_IT시스템관리\03_IT시스템 서비스 수준관리\reference\LM2001030103_19v3_IT시스템 서비스 수준관리.pdf
cloud-infra,20010301,IT시스템관리,2001030104_14v2,IT시스템 통합관리,03,20160107133733579,20160107133733584,CURRICULUM-CLOUD-INFRA\modules\20010301_IT시스템관리\_unmatched\reference\04_IT시스템관리_IT시스템통합관리.pdf
cloud-infra,20010301,IT시스템관리,2001030105_19v4,응용SW 운영관리,03,20221230090009659,20221230090009902,CURRICULUM-CLOUD-INFRA\modules\20010301_IT시스템관리\05_응용SW 운영관리\reference\LM2001030105_19v4_응용SW 운영관리.pdf
cloud-infra,20010301,IT시스템관리,2001030106_16v3,HW 운영관리,03,20190326133910143,20190326133910150,CURRICULUM-CLOUD-INFRA\modules\20010301_IT시스템관리\_unmatched\reference\LM2001030106_HW운영관리.pdf
cloud-infra,20010301,IT시스템관리,2001030107_19v4,NW 운영관리,03,20221230090145895,20221230090146132,CURRICULUM-CLOUD-INFRA\modules\20010301_IT시스템관리\07_NW 운영관리\reference\LM2001030107_19v4_NW 운영관리.pdf
cloud-infra,20010301,IT시스템관리,2001030108_19v3,DB 운영관리,03,20221230090238887,20221230090239119,CURRICULUM-CLOUD-INFRA\modules\20010301_IT시스템관리\08_DB 운영관리\reference\LM2001030108_19v3_DB 운영관리.pdf
cloud-infra,20010301,IT시스템관리,2001030109_19v3,보안 운영관리,03,20221230090348206,20221230090348440,CURRICULUM-CLOUD-INFRA\modules\20010301_IT시스템관리\09_보안 운영관리\reference\LM2001030109_19v3_보안 운영관리.pdf
cloud-infra,20010301,IT시스템관리,2001030110_16v3,IT시스템 사용자 지원,03,20190326134143099,20190326134143105,CURRICULUM-CLOUD-INFRA\modules\20010301_IT시스템관리\_unmatched\reference\LM2001030110_IT시스템 사용자지원.pdf
cloud-infra,20010301,IT시스템관리,2001030111_19v4,IT시스템 통합운영관리,03,20221230090438885,20221230090439131,CURRICULUM-CLOUD-INFRA\modules\20010301_IT시스템관리\11_IT시스템 통합운영관리\reference\LM2001030111_19v4_IT시스템 통합운영 관리.pdf
cloud-infra,20010301,IT시스템관리,2001030112_19v4,IT시스템 통합운영안정성관리,03,20221230090556932,20221230090557177,CURRICULUM-CLOUD-INFRA\modules\20010301_IT시스템관리\12_IT시스템 통합운영안정성관리\reference\LM2001030112_19v4_IT시스템 통합운영 안정성 관리.pdf
cloud-infra,20010301,IT시스템관리,2001030113_19v4,응용SW 변경관리,03,20221230090702336,20221230090702597,CURRICULUM-CLOUD-INFRA\modules\20010301_IT시스템관리\13_응용SW 변경관리\reference\LM2001030113_19v4_응용SW 변경관리.pdf
cloud-infra,20010301,IT시스템관리,2001030114_19v4,HW 단말장치 운영관리,03,20221230090754021,20221230090754259,CURRICULUM-CLOUD-INFRA\modules\20010301_IT시스템관리\14_HW 단말장치 운영관리\reference\LM2001030114_19v4_HW 단말장치 운영관리.pdf
cloud-infra,20010301,IT시스템관리,2001030115_19v4,IT시스템 서버 운영관리,03,20221230090840454,20221230090840687,CURRICULUM-CLOUD-INFRA\modules\20010301_IT시스템관리\15_IT시스템 서버 운영관리\reference\LM2001030115_19v4_IT시스템 서버 운영관리.pdf
cloud-infra,20010301,IT시스템관리,2001030116_19v4,NW 유지보수,03,20221230090928910,20221230090929154,CURRICULUM-CLOUD-INFRA\modules\20010301_IT시스템관리\16_NW 유지보수\reference\LM2001030116_19v4_NW 유지보수.pdf
cloud-infra,20010301,IT시스템관리,2001030117_19v4,서비스데스크 구축,03,20221230091024027,20221230091024266,CURRICULUM-CLOUD-INFRA\modules\20010301_IT시스템관리\17_서비스데스크 구축\reference\LM2001030117_19v4_서비스데스크 구축.pdf
cloud-infra,20010301,IT시스템관리,2001030118_19v4,서비스데스크 운영,03,20221230091128164,20221230091128410,CURRICULUM-CLOUD-INFRA\modules\20010301_IT시스템관리\18_서비스데스크 운영\reference\LM2001030118_19v4_서비스데스크 운영.pdf
cloud-infra,20010301,IT시스템관리,2001030119_19v4,IT시스템 변경관리,03,20221230104455485,20221230104455724,CURRICULUM-CLOUD-INFRA\modules\20010301_IT시스템관리\19_IT시스템 변경관리\reference\LM2001030119_19v4_IT시스템 변경관리.pdf
ai-data,20010703,인공지능모델링,2001070301_23v2,인공지능 모델 문제 정의,03,20211230102047792,20211230102047799,CURRICULUM-AI-DATA\modules\20010703_인공지능모델링\01_인공지능 모델 문제 정의\reference\LM2001070301_인공지능 모델 문제 정의.pdf
ai-data,20010703,인공지능모델링,2001070302_23v2,인공지능 모델 준비,03,20211230102153588,20211230102153595,CURRICULUM-AI-DATA\modules\20010703_인공지능모델링\02_인공지능 모델 준비\reference\LM2001070302_인공지능 모델 설계.pdf
ai-data,20010703,인공지능모델링,2001070303_23v2,인공지능 데이터 확보,03,20211230102414084,20211230102414090,CURRICULUM-AI-DATA\modules\20010703_인공지능모델링\03_인공지능 데이터 확보\reference\LM2001070303_인공지능 데이터 확보.pdf
ai-data,20010703,인공지능모델링,2001070304_23v2,인공지능 데이터 전처리,03,20211230102506260,20211230102506276,CURRICULUM-AI-DATA\modules\20010703_인공지능모델링\04_인공지능 데이터 전처리\reference\LM2001070304_인공지능 데이터 전처리.pdf
ai-data,20010703,인공지능모델링,2001070305_23v2,인공지능 데이터 특징 추출,03,20211230102607083,20211230102607090,CURRICULUM-AI-DATA\modules\20010703_인공지능모델링\05_인공지능 데이터 특징 추출\reference\LM2001070305_인공지능 데이터 특징 추출.pdf
ai-data,20010703,인공지능모델링,2001070306_23v2,인공지능 모델 학습,03,20211230102649328,20211230102649336,CURRICULUM-AI-DATA\modules\20010703_인공지능모델링\06_인공지능 모델 학습\reference\LM2001070306_인공지능 모델 학습.pdf
ai-data,20010703,인공지능모델링,2001070307_23v2,인공지능 모델 선정,03,20211230102727866,20211230102727874,CURRICULUM-AI-DATA\modules\20010703_인공지능모델링\07_인공지능 모델 선정\reference\LM2001070307_인공지능 모델 선정.pdf
ai-data,20010703,인공지능모델링,2001070308_23v2,인공지능 모델 활용 관리,03,20211230102825675,20211230102825682,CURRICULUM-AI-DATA\modules\20010703_인공지능모델링\08_인공지능 모델 활용 관리\reference\LM2001070308_인공지능 모델 관리.pdf
ai-data,20010705,인공지능서비스구현,2001070501_24v2,인공지능서비스 구현요건분석,03,20220103112542533,20220103112542540,CURRICULUM-AI-DATA\modules\20010705_인공지능서비스구현\01_인공지능서비스 구현요건분석\reference\LM2001070501_인공지능서비스 구현요건분석.pdf
ai-data,20010705,인공지능서비스구현,2001070502_24v2,인공지능서비스 상위설계,03,20220103112645079,20220103112645086,CURRICULUM-AI-DATA\modules\20010705_인공지능서비스구현\02_인공지능서비스 상위설계\reference\LM2001070502_인공지능서비스 상위설계.pdf
ai-data,20010705,인공지능서비스구현,2001070503_24v2,인공지능서비스 상세설계,03,20220103112731460,20220103112731466,CURRICULUM-AI-DATA\modules\20010705_인공지능서비스구현\03_인공지능서비스 상세설계\reference\LM2001070503_인공지능서비스 상세설계.pdf
ai-data,20010705,인공지능서비스구현,2001070504_24v2,인공지능서비스 애플리케이션 개발,03,20220103131037145,20220103131037153,CURRICULUM-AI-DATA\modules\20010705_인공지능서비스구현\04_인공지능서비스 애플리케이션 개발\reference\LM2001070504_인공지능서비스 애플리케이션개발.pdf
ai-data,20010705,인공지능서비스구현,2001070505_24v2,인공지능서비스 모델적용,03,20220103131134655,20220103131134662,CURRICULUM-AI-DATA\modules\20010705_인공지능서비스구현\05_인공지능서비스 모델적용\reference\LM2001070505_인공지능서비스 모델적용.pdf
ai-data,20010705,인공지능서비스구현,2001070506_24v2,인공지능서비스 인터페이스 개발,03,20220103131417754,20220103131417761,CURRICULUM-AI-DATA\modules\20010705_인공지능서비스구현\06_인공지능서비스 인터페이스 개발\reference\LM2001070506_인공지능서비스 인터페이스 개발.pdf
ai-data,20010705,인공지능서비스구현,2001070507_24v2,인공지능서비스 테스트,03,20220103131507933,20220103131507939,CURRICULUM-AI-DATA\modules\20010705_인공지능서비스구현\07_인공지능서비스 테스트\reference\LM2001070507_인공지능서비스 테스트.pdf
ai-data,20010705,인공지능서비스구현,2001070508_24v2,인공지능서비스 이행,03,20220103131723257,20220103131723265,CURRICULUM-AI-DATA\modules\20010705_인공지능서비스구현\08_인공지능서비스 이행\reference\LM2001070508_인공지능서비스 이행.pdf
ai-data,20010701,인공지능플랫폼구축,2001070101_23v2,인공지능 플랫폼 구축 계획,03,20200115105341434,20200115105341440,CURRICULUM-AI-DATA\modules\20010701_인공지능플랫폼구축\01_인공지능 플랫폼 구축 계획\reference\LM2001070101_인공지능 플랫폼 구축 계획.pdf
ai-data,20010701,인공지능플랫폼구축,2001070102_23v2,인공지능 플랫폼 요구사항 분석,03,20200115105435059,20200115105435065,CURRICULUM-AI-DATA\modules\20010701_인공지능플랫폼구축\02_인공지능 플랫폼 요구사항 분석\reference\LM2001070102_인공지능 플랫폼 요구사항 분석.pdf
ai-data,20010701,인공지능플랫폼구축,2001070103_23v2,인공지능 플랫폼 설계,03,20200115105501849,20200115105501856,CURRICULUM-AI-DATA\modules\20010701_인공지능플랫폼구축\03_인공지능 플랫폼 설계\reference\LM2001070103_인공지능 플랫폼 설계.pdf
ai-data,20010701,인공지능플랫폼구축,2001070104_23v2,인공지능 플랫폼 인프라 구현,03,20220302154125691,20220302154125699,CURRICULUM-AI-DATA\modules\20010701_인공지능플랫폼구축\04_인공지능 플랫폼 인프라 구현\reference\LM2001070104_인공지능 플랫폼 인프라 구현.pdf
ai-data,20010701,인공지능플랫폼구축,2001070105_23v2,인공지능 플랫폼 기능 구현,03,20200115105609743,20200115105609750,CURRICULUM-AI-DATA\modules\20010701_인공지능플랫폼구축\05_인공지능 플랫폼 기능 구현\reference\LM2001070105_인공지능 플랫폼 기능 구현.pdf
ai-data,20010701,인공지능플랫폼구축,2001070106_23v2,인공지능 플랫폼 인터페이스 구현,03,20200115105648796,20200115105648803,CURRICULUM-AI-DATA\modules\20010701_인공지능플랫폼구축\06_인공지능 플랫폼 인터페이스 구현\reference\LM2001070106_인공지능 플랫폼 인터페이스 구현.pdf
ai-data,20010701,인공지능플랫폼구축,2001070107_18v1,인공지능 플랫폼 지식화 구현,03,20200115105721267,20200115105721274,CURRICULUM-AI-DATA\modules\20010701_인공지능플랫폼구축\_unmatched\reference\LM2001070107_인공지능 플랫폼 지식화 구현.pdf
ai-data,20010701,인공지능플랫폼구축,2001070108_18v1,인공지능 플랫폼 테스트,03,20200115105751559,20200115105751567,CURRICULUM-AI-DATA\modules\20010701_인공지능플랫폼구축\_unmatched\reference\LM2001070108_인공지능 플랫폼 테스트.pdf
ai-data,20010701,인공지능플랫폼구축,2001070109_23v2,인공지능 플랫폼 품질 관리,03,20200115105820272,20200115105820279,CURRICULUM-AI-DATA\modules\20010701_인공지능플랫폼구축\09_인공지능 플랫폼 품질 관리\reference\LM2001070109_인공지능 플랫폼 품질 관리.pdf
ai-data,20010704,인공지능서비스운영관리,2001070401_24v2,인공지능서비스 운영계획 수립,03,20220103101016082,20220103101016090,CURRICULUM-AI-DATA\modules\20010704_인공지능서비스운영관리\01_인공지능서비스 운영계획 수립\reference\LM2001070401_인공지능서비스 운영계획 수립.pdf
ai-data,20010704,인공지능서비스운영관리,2001070402_24v2,인공지능서비스 이용자관리,03,20220103101438518,20220103101438525,CURRICULUM-AI-DATA\modules\20010704_인공지능서비스운영관리\02_인공지능서비스 이용자관리\reference\LM2001070402_인공지능서비스 이용자관리.pdf
ai-data,20010704,인공지능서비스운영관리,2001070403_24v2,인공지능서비스 운영환경관리,03,20220103101516041,20220103101516048,CURRICULUM-AI-DATA\modules\20010704_인공지능서비스운영관리\03_인공지능서비스 운영환경관리\reference\LM2001070403_인공지능서비스 운영환경관리.pdf
ai-data,20010704,인공지능서비스운영관리,2001070404_24v2,인공지능서비스 운영모니터링,03,20220103101608598,20220103101608605,CURRICULUM-AI-DATA\modules\20010704_인공지능서비스운영관리\04_인공지능서비스 운영모니터링\reference\LM2001070404_인공지능서비스 운영모니터링.pdf
ai-data,20010704,인공지능서비스운영관리,2001070405_24v2,인공지능서비스 운영품질관리,03,20220103101700156,20220103101700162,CURRICULUM-AI-DATA\modules\20010704_인공지능서비스운영관리\05_인공지능서비스 운영품질관리\reference\LM2001070405_인공지능서비스 운영품질관리.pdf
ai-data,20010704,인공지능서비스운영관리,2001070406_24v2,인공지능서비스 운영장애관리,03,20220103101755276,20220103101755283,CURRICULUM-AI-DATA\modules\20010704_인공지능서비스운영관리\06_인공지능서비스 운영장애관리\reference\LM2001070406_인공지능서비스 운영장애관리.pdf
ai-data,20010704,인공지능서비스운영관리,2001070407_24v2,인공지능서비스 이용자관점 운영수준관리,03,20220103101847176,20220103101847183,CURRICULUM-AI-DATA\modules\20010704_인공지능서비스운영관리\07_인공지능서비스 이용자관점 운영수준관리\reference\LM2001070407_인공지능서비스 이용자관점 운영수준관리.pdf
ai-data,20010704,인공지능서비스운영관리,2001070408_24v2,인공지능서비스 운영개선관리,03,20220103101948899,20220103101948906,CURRICULUM-AI-DATA\modules\20010704_인공지능서비스운영관리\08_인공지능서비스 운영개선관리\reference\LM2001070408_인공지능서비스 운영개선관리.pdf
ai-data,20010706,인공지능학습데이터구축,2001070601_22v1,인공지능 학습데이터 구축 기획,03,20251224172849708,20251224172850107,CURRICULUM-AI-DATA\modules\20010706_인공지능학습데이터구축\01_인공지능 학습데이터 구축 기획\reference\LM2001070601_22v1_인공지능 학습데이터 구축 기획_수정.pdf
ai-data,20010706,인공지능학습데이터구축,2001070602_22v1,인공지능 학습데이터 획득 계획,03,20251224172946014,20251224172946471,CURRICULUM-AI-DATA\modules\20010706_인공지능학습데이터구축\02_인공지능 학습데이터 획득 계획\reference\LM2001070602_22v1_인공지능 학습데이터 획득 계획_수정.pdf
ai-data,20010706,인공지능학습데이터구축,2001070603_22v1,인공지능 학습데이터 획득,03,20251224173023748,20251224173024237,CURRICULUM-AI-DATA\modules\20010706_인공지능학습데이터구축\03_인공지능 학습데이터 획득\reference\LM2001070603_22v1_인공지능 학습데이터 획득_수정.pdf
ai-data,20010706,인공지능학습데이터구축,2001070604_22v1,인공지능 학습데이터 저장 관리,03,20251224173115713,20251224173116168,CURRICULUM-AI-DATA\modules\20010706_인공지능학습데이터구축\04_인공지능 학습데이터 저장 관리\reference\LM2001070604_22v1_인공지능 학습데이터 저장 관리_수정.pdf
ai-data,20010706,인공지능학습데이터구축,2001070605_22v1,인공지능 학습데이터 정제,03,20251224173155959,20251224173156419,CURRICULUM-AI-DATA\modules\20010706_인공지능학습데이터구축\05_인공지능 학습데이터 정제\reference\LM2001070605_22v1_인공지능 학습데이터 정제_수정.pdf
ai-data,20010706,인공지능학습데이터구축,2001070606_22v1,인공지능 학습데이터 라벨링 관리,03,20251224173244579,20251224173245072,CURRICULUM-AI-DATA\modules\20010706_인공지능학습데이터구축\06_인공지능 학습데이터 라벨링 관리\reference\LM2001070606_22v1_인공지능 학습데이터 라벨링 관리_수정.pdf
ai-data,20010706,인공지능학습데이터구축,2001070607_22v1,인공지능 학습데이터 라벨링,03,20251224173320326,20251224173320760,CURRICULUM-AI-DATA\modules\20010706_인공지능학습데이터구축\07_인공지능 학습데이터 라벨링\reference\LM2001070607_22v1_인공지능 학습데이터 라벨링.pdf
ai-data,20010706,인공지능학습데이터구축,2001070608_22v1,인공지능 학습데이터 가명정보 결합,03,20251224173356647,20251224173357061,CURRICULUM-AI-DATA\modules\20010706_인공지능학습데이터구축\08_인공지능 학습데이터 가명정보 결합\reference\LM2001070608_22v1_인공지능 학습데이터 가명정보 결합_수정.pdf
ai-data,20010706,인공지능학습데이터구축,2001070609_22v1,인공지능 학습데이터 변환,03,20251224173433572,20251224173433982,CURRICULUM-AI-DATA\modules\20010706_인공지능학습데이터구축\09_인공지능 학습데이터 변환\reference\LM2001070609_22v1_인공지능 학습데이터 변환_수정.pdf
ai-data,20010706,인공지능학습데이터구축,2001070610_22v1,인공지능 학습데이터 품질 검증,03,20251224173520175,20251224173520635,CURRICULUM-AI-DATA\modules\20010706_인공지능학습데이터구축\10_인공지능 학습데이터 품질 검증\reference\LM2001070610_22v1_인공지능 학습데이터 품질검증_판권 수정.pdf
ai-data,20010706,인공지능학습데이터구축,2001070611_22v1,인공지능 학습데이터 딜리버리,03,20251224173558331,20251224173558731,CURRICULUM-AI-DATA\modules\20010706_인공지능학습데이터구축\11_인공지능 학습데이터 딜리버리\reference\LM2001070611_22v1_인공지능 학습데이터 딜리버리_판권 수정.pdf
ai-data,20010702,인공지능서비스기획,2001070201_18v1,인공지능 서비스 환경 분석,03,20200115110221409,20200115110221417,CURRICULUM-AI-DATA\modules\20010702_인공지능서비스기획\_unmatched\reference\LM2001070201_인공지능 서비스 환경 분석.pdf
ai-data,20010702,인공지능서비스기획,2001070202_22v2,인공지능 서비스 목표 수립,03,20200115110253968,20200115110253975,CURRICULUM-AI-DATA\modules\20010702_인공지능서비스기획\02_인공지능 서비스 목표 수립\reference\LM2001070202_인공지능 서비스 목표 수립.pdf
ai-data,20010702,인공지능서비스기획,2001070203_18v1,인공지능 서비스 요구사항 분석,03,20200115110324740,20200115110324747,CURRICULUM-AI-DATA\modules\20010702_인공지능서비스기획\_unmatched\reference\LM2001070203_인공지능 서비스 요구사항 분석.pdf
ai-data,20010702,인공지능서비스기획,2001070204_22v2,인공지능 서비스 모델 기획,03,20200115110414452,20200115110414458,CURRICULUM-AI-DATA\modules\20010702_인공지능서비스기획\04_인공지능 서비스 모델 기획\reference\LM2001070204_인공지능 서비스 모델 설계.pdf
ai-data,20010702,인공지능서비스기획,2001070205_22v2,인공지능 서비스 시나리오 기획,03,20200115110445225,20200115110445232,CURRICULUM-AI-DATA\modules\20010702_인공지능서비스기획\05_인공지능 서비스 시나리오 기획\reference\LM2001070205_인공지능 서비스 시나리오 기획.pdf
ai-data,20010702,인공지능서비스기획,2001070206_22v2,인공지능 서비스 활용 기획,03,20200115110519028,20200115110519034,CURRICULUM-AI-DATA\modules\20010702_인공지능서비스기획\06_인공지능 서비스 활용 기획\reference\LM2001070206_인공지능 서비스 활용 기획.pdf
ai-data,20010702,인공지능서비스기획,2001070207_22v2,인공지능 서비스 실행계획 수립,03,20200115110933798,20200115110933806,CURRICULUM-AI-DATA\modules\20010702_인공지능서비스기획\07_인공지능 서비스 실행계획 수립\reference\LM2001070207_인공지능 서비스 실행 계획 수립.pdf
ai-data,20010702,인공지능서비스기획,2001070208_22v2,인공지능 서비스 성과평가 기획,03,20200115111006689,20200115111006696,CURRICULUM-AI-DATA\modules\20010702_인공지능서비스기획\08_인공지능 서비스 성과평가 기획\reference\LM2001070208_인공지능 서비스 성과 평가 기획.pdf
ai-data,20010105,빅데이터분석,2001010501_15v1,빅데이터 분석 기획,03,20161215134502921,20161215134502927,CURRICULUM-AI-DATA\modules\20010105_빅데이터분석\_unmatched\reference\01.빅데이터 분석 기획(LM2001010501_15v1).pdf
ai-data,20010105,빅데이터분석,2001010502_15v1,빅데이터 수집,03,20170203141835012,20170203141835018,CURRICULUM-AI-DATA\modules\20010105_빅데이터분석\_unmatched\reference\02.빅데이터 수집(LM2001010502_15v1).pdf
ai-data,20010105,빅데이터분석,2001010503_15v1,빅데이터 저장,03,20161215134711622,20161215134711628,CURRICULUM-AI-DATA\modules\20010105_빅데이터분석\_unmatched\reference\03.빅데이터 저장(LM2001010503_15v1).pdf
ai-data,20010105,빅데이터분석,2001010504_15v1,빅데이터 처리,03,20161215134835954,20161215134835960,CURRICULUM-AI-DATA\modules\20010105_빅데이터분석\_unmatched\reference\04.빅데이터 처리(LM2001010504_15v1).pdf
ai-data,20010105,빅데이터분석,2001010505_15v1,분석용 데이터 탐색,03,20161215134916319,20161215134916325,CURRICULUM-AI-DATA\modules\20010105_빅데이터분석\_unmatched\reference\05.분석용 데이터 탐색(LM2001010505_15v1).pdf
ai-data,20010105,빅데이터분석,2001010506_15v1,통계 기반 데이터 분석,03,20161215134958970,20161215134958977,CURRICULUM-AI-DATA\modules\20010105_빅데이터분석\_unmatched\reference\06.통계 기반 데이터 분석(LM2001010506_15v1).pdf
ai-data,20010105,빅데이터분석,2001010507_15v1,머신러닝 기반 데이터 분석,03,20161215135530660,20161215135530666,CURRICULUM-AI-DATA\modules\20010105_빅데이터분석\_unmatched\reference\07.머신러닝 기반 데이터 분석(LM2001010507_15v1).pdf
ai-data,20010105,빅데이터분석,2001010508_15v1,텍스트 마이닝 기반 데이터 분석,03,20161215135618608,20161215135618614,CURRICULUM-AI-DATA\modules\20010105_빅데이터분석\_unmatched\reference\08.텍스트 마이닝 기반 데이터 분석(LM2001010508_15v1).pdf
ai-data,20010105,빅데이터분석,2001010509_21v4,빅데이터 분석 결과 시각화,03,20240108134355309,20240108134355588,CURRICULUM-AI-DATA\modules\20010105_빅데이터분석\09_빅데이터 분석 결과 시각화\reference\LM2001010509_21v4_빅데이터 분석 결과 시각화.pdf
ai-data,20010105,빅데이터분석,2001010510_21v4,분석 데이터 전처리,03,20231229101403144,20231229101403839,CURRICULUM-AI-DATA\modules\20010105_빅데이터분석\10_분석 데이터 전처리\reference\LM2001010510_21v4_분석 데이터 전처리.pdf
ai-data,20010105,빅데이터분석,2001010511_21v4,탐색적 데이터 분석,03,20240108134616340,20240108134616596,CURRICULUM-AI-DATA\modules\20010105_빅데이터분석\11_탐색적 데이터 분석\reference\LM2001010511_21v4_탐색적 데이터 분석.pdf
ai-data,20010105,빅데이터분석,2001010512_21v1,분석 데이터 피처(Feature) 엔지니어링,03,20231229101822980,20231229101823788,CURRICULUM-AI-DATA\modules\20010105_빅데이터분석\12_분석 데이터 피처(Feature) 엔지니어링\reference\LM2001010512_21v1_분석 데이터 피처(Feature) 엔지니어링.pdf
ai-data,20010105,빅데이터분석,2001010513_21v1,빅데이터 분석 모델링,03,20240104104119656,20240104104120137,CURRICULUM-AI-DATA\modules\20010105_빅데이터분석\13_빅데이터 분석 모델링\reference\LM2001010513_21v1_빅데이터 분석 모델링.pdf
ai-data,20010105,빅데이터분석,2001010514_21v1,빅데이터 분석 결과 평가,03,20231229103123750,20231229103124409,CURRICULUM-AI-DATA\modules\20010105_빅데이터분석\14_빅데이터 분석 결과 평가\reference\LM2001010514_21v1_빅데이터 분석 결과 평가.pdf
ai-data,20010105,빅데이터분석,2001010515_21v1,빅데이터 분석 플로우 구성,03,20231229103354581,20231229103355372,CURRICULUM-AI-DATA\modules\20010105_빅데이터분석\15_빅데이터 분석 플로우 구성\reference\LM2001010515_21v1_빅데이터 분석 플로우 구성.pdf
ai-data,20010105,빅데이터분석,2001010516_21v1,데이터 분석 기초 기술 활용,03,20240104110247811,20240104110248344,CURRICULUM-AI-DATA\modules\20010105_빅데이터분석\16_데이터 분석 기초 기술 활용\reference\LM2001010516_21v1_데이터 분석 기초 기술 활용.pdf
ai-data,20010209,빅데이터플랫폼구축,2001020901_24v3,빅데이터 플랫폼 요구사항 분석,03,20251224171930043,20251224171930510,CURRICULUM-AI-DATA\modules\20010209_빅데이터플랫폼구축\01_빅데이터 플랫폼 요구사항 분석\reference\LM2001020901_24v3 빅데이터 플랫폼 요구사항 분석_판권 재수정.pdf
ai-data,20010209,빅데이터플랫폼구축,2001020902_24v3,빅데이터 플랫폼 아키텍처 설계,03,20251224172012611,20251224172013072,CURRICULUM-AI-DATA\modules\20010209_빅데이터플랫폼구축\02_빅데이터 플랫폼 아키텍처 설계\reference\LM2001020902_24v3 빅데이터 플랫폼 아키텍처 설계_판권 재수정.pdf
ai-data,20010209,빅데이터플랫폼구축,2001020903_24v3,빅데이터 수집시스템 개발,03,20251224172135988,20251224172136388,CURRICULUM-AI-DATA\modules\20010209_빅데이터플랫폼구축\03_빅데이터 수집시스템 개발\reference\LM2001020903_24v3 빅데이터 수집시스템 개발_판권 재수정.pdf
ai-data,20010209,빅데이터플랫폼구축,2001020904_24v3,빅데이터 저장시스템 개발,03,20251224172223706,20251224172224156,CURRICULUM-AI-DATA\modules\20010209_빅데이터플랫폼구축\04_빅데이터 저장시스템 개발\reference\LM2001020904_24v3 빅데이터 저장시스템 개발_판권 재수정.pdf
ai-data,20010209,빅데이터플랫폼구축,2001020905_24v3,빅데이터 처리시스템 개발,03,20251224172351307,20251224172351742,CURRICULUM-AI-DATA\modules\20010209_빅데이터플랫폼구축\05_빅데이터 처리시스템 개발\reference\LM2001020905_24v3 빅데이터 처리시스템 개발_판권 재수정.pdf
ai-data,20010209,빅데이터플랫폼구축,2001020906_24v3,빅데이터 분석시스템 개발,03,20251224172454902,20251224172455331,CURRICULUM-AI-DATA\modules\20010209_빅데이터플랫폼구축\06_빅데이터 분석시스템 개발\reference\LM2001020906_24v3 빅데이터 분석시스템 개발_판권 재수정.pdf
ai-data,20010209,빅데이터플랫폼구축,2001020907_24v3,빅데이터 품질관리시스템 개발,03,20251224172549068,20251224172549617,CURRICULUM-AI-DATA\modules\20010209_빅데이터플랫폼구축\07_빅데이터 품질관리시스템 개발\reference\LM2001020907_24v3 빅데이터 품질관리시스템 개발_판권 재수정.pdf
ai-data,20010209,빅데이터플랫폼구축,2001020908_24v3,빅데이터 플랫폼 테스트,03,20251224172636682,20251224172637118,CURRICULUM-AI-DATA\modules\20010209_빅데이터플랫폼구축\08_빅데이터 플랫폼 테스트\reference\LM2001020908_24v3 빅데이터 플랫폼 테스트_판권 재수정.pdf
ai-data,20010304,빅데이터운영·관리,2001030401_24v3,빅데이터 플랫폼 운영 정책 수립,03,20200115103521072,20200115103521080,CURRICULUM-AI-DATA\modules\20010304_빅데이터운영·관리\01_빅데이터 플랫폼 운영 정책 수립\reference\LM2001030401_빅데이터 플랫폼 운영 정책 수립.pdf
ai-data,20010304,빅데이터운영·관리,2001030402_24v3,빅데이터 서비스 운영 계획,03,20200115103549218,20200115103549225,CURRICULUM-AI-DATA\modules\20010304_빅데이터운영·관리\02_빅데이터 서비스 운영 계획\reference\LM2001030402_빅데이터 서비스 운영 계획.pdf
ai-data,20010304,빅데이터운영·관리,2001030403_24v3,빅데이터 서비스 운영 관리,03,20200115103614020,20200115103614027,CURRICULUM-AI-DATA\modules\20010304_빅데이터운영·관리\03_빅데이터 서비스 운영 관리\reference\LM2001030403_빅데이터 서비스 운영 관리.pdf
ai-data,20010304,빅데이터운영·관리,2001030404_24v3,빅데이터 솔루션 운영 계획,03,20200115103742720,20200115103742728,CURRICULUM-AI-DATA\modules\20010304_빅데이터운영·관리\04_빅데이터 솔루션 운영 계획\reference\LM2001030404_빅데이터 솔루션 운영 계획.pdf
ai-data,20010304,빅데이터운영·관리,2001030405_24v3,빅데이터 솔루션 운영 관리,03,20200115104252230,20200115104252237,CURRICULUM-AI-DATA\modules\20010304_빅데이터운영·관리\05_빅데이터 솔루션 운영 관리\reference\LM2001030405_빅데이터 솔루션 운영 관리.pdf
ai-data,20010304,빅데이터운영·관리,2001030406_24v3,빅데이터 플랫폼 모니터링,03,20200115104323602,20200115104323610,CURRICULUM-AI-DATA\modules\20010304_빅데이터운영·관리\06_빅데이터 플랫폼 모니터링\reference\LM2001030406_빅데이터 플랫폼 모니터링.pdf
ai-data,20010304,빅데이터운영·관리,2001030407_24v3,빅데이터 품질 관리,03,20200115104414403,20200115104414410,CURRICULUM-AI-DATA\modules\20010304_빅데이터운영·관리\07_빅데이터 품질 관리\reference\LM2001030407_빅데이터 품질 관리.pdf
ai-data,20010304,빅데이터운영·관리,2001030408_24v3,빅데이터 플로우 관리,03,20200115104441049,20200115104441056,CURRICULUM-AI-DATA\modules\20010304_빅데이터운영·관리\08_빅데이터 플로우 관리\reference\LM2001030408_빅데이터 플로우 관리.pdf
ai-data,20010304,빅데이터운영·관리,2001030409_24v3,빅데이터 모델 운영,03,20200115104512235,20200115104512242,CURRICULUM-AI-DATA\modules\20010304_빅데이터운영·관리\09_빅데이터 모델 운영\reference\LM2001030409_빅데이터 모델 운영.pdf
ai-data,20010304,빅데이터운영·관리,2001030410_24v3,빅데이터 처리 운영,03,20200115105023074,20200115105023081,CURRICULUM-AI-DATA\modules\20010304_빅데이터운영·관리\10_빅데이터 처리 운영\reference\LM2001030410_빅데이터 처리 운영.pdf
