세분류코드,대분류코드,대분류,중분류코드,중분류,소분류코드,소분류,세분류코드2,세분류,능력단위수,개정차수
20010101,20,정보통신,01,정보기술,01,정보기술전략·계획,01,정보기술전략,10,29
20010102,20,정보통신,01,정보기술,01,정보기술전략·계획,02,정보기술컨설팅,11,29
20010103,20,정보통신,01,정보기술,01,정보기술전략·계획,03,정보기술기획,10,29
20010104,20,정보통신,01,정보기술,01,정보기술전략·계획,04,SW제품기획,10,29
20010105,20,정보통신,01,정보기술,01,정보기술전략·계획,05,빅데이터분석,8,29
20010106,20,정보통신,01,정보기술,01,정보기술전략·계획,06,IoT융합서비스기획,11,29
20010107,20,정보통신,01,정보기술,01,정보기술전략·계획,07,빅데이터기획,7,29
20010108,20,정보통신,01,정보기술,01,정보기술전략·계획,08,핀테크기술기획,9,29
20010201,20,정보통신,01,정보기술,02,정보기술개발,01,SW아키텍처,11,29
20010202,20,정보통신,01,정보기술,02,정보기술개발,02,응용SW엔지니어링,27,29
20010203,20,정보통신,01,정보기술,02,정보기술개발,03,임베디드SW엔지니어링,24,29
20010204,20,정보통신,01,정보기술,02,정보기술개발,04,DB엔지니어링,11,29
20010205,20,정보통신,01,정보기술,02,정보기술개발,05,NW엔지니어링,16,29
20010206,20,정보통신,01,정보기술,02,정보기술개발,06,보안엔지니어링,9,29
20010207,20,정보통신,01,정보기술,02,정보기술개발,07,UI/UX엔지니어링,12,29
20010208,20,정보통신,01,정보기술,02,정보기술개발,08,시스템SW엔지니어링,12,29
20010209,20,정보통신,01,정보기술,02,정보기술개발,09,빅데이터플랫폼구축,8,29
20010210,20,정보통신,01,정보기술,02,정보기술개발,10,핀테크엔지니어링,9,29
20010211,20,정보통신,01,정보기술,02,정보기술개발,11,데이터아키텍처,10,29
20010212,20,정보통신,01,정보기술,02,정보기술개발,12,IoT시스템연동,9,29
20010213,20,정보통신,01,정보기술,02,정보기술개발,13,인프라스트럭쳐아키텍처구축,9,29
20010214,20,정보통신,01,정보기술,02,정보기술개발,14,클라우드솔루션아키텍처,8,29
20010215,20,정보통신,01,정보기술,02,정보기술개발,15,클라우드인프라스트럭쳐엔지니어링,10,29
20010216,20,정보통신,01,정보기술,02,정보기술개발,16,PaaS엔지니어링,9,29
20010217,20,정보통신,01,정보기술,02,정보기술개발,17,AIoT운영플랫폼구축,9,29
20010218,20,정보통신,01,정보기술,02,정보기술개발,18,온디바이스AIoT,0,29
20010301,20,정보통신,01,정보기술,03,정보기술운영,01,IT시스템관리,16,29
20010302,20,정보통신,01,정보기술,03,정보기술운영,02,IT기술교육,11,29
20010303,20,정보통신,01,정보기술,03,정보기술운영,03,IT기술지원,12,29
20010304,20,정보통신,01,정보기술,03,정보기술운영,04,빅데이터운영·관리,10,29
20010305,20,정보통신,01,정보기술,03,정보기술운영,05,IoT시스템운영·관리,9,29
20010306,20,정보통신,01,정보기술,03,정보기술운영,06,데이터거래관리,8,29
20010401,20,정보통신,01,정보기술,04,정보기술관리,01,IT프로젝트관리,14,29
20010402,20,정보통신,01,정보기술,04,정보기술관리,02,IT품질보증,13,29
20010403,20,정보통신,01,정보기술,04,정보기술관리,03,IT테스트,17,29
20010404,20,정보통신,01,정보기술,04,정보기술관리,04,IT감리,11,29
20010501,20,정보통신,01,정보기술,05,정보기술영업,01,IT기술영업,10,29
20010502,20,정보통신,01,정보기술,05,정보기술영업,02,IT마케팅,10,29
20010601,20,정보통신,01,정보기술,06,정보보호,01,정보보호관리·운영,13,29
20010602,20,정보통신,01,정보기술,06,정보보호,02,정보보호진단·분석,8,29
20010603,20,정보통신,01,정보기술,06,정보보호,03,보안사고분석대응,7,29
20010604,20,정보통신,01,정보기술,06,정보보호,04,정보보호암호·인증,10,29
20010605,20,정보통신,01,정보기술,06,정보보호,05,영상정보처리,8,29
20010606,20,정보통신,01,정보기술,06,정보보호,06,생체인식(바이오인식),8,29
20010608,20,정보통신,01,정보기술,06,정보보호,08,디지털포렌식,7,29
20010609,20,정보통신,01,정보기술,06,정보보호,09,영상정보보안·운영,9,29
20010611,20,정보통신,01,정보기술,06,정보보호,11,OT보안,9,29
20010612,20,정보통신,01,정보기술,06,정보보호,12,클라우드 보안 관리·운영,9,29
20010614,20,정보통신,01,정보기술,06,정보보호,14,정보보호제품 시험·평가,7,29
20010615,20,정보통신,01,정보기술,06,정보보호,15,SW공급망보안,6,29
20010616,20,정보통신,01,정보기술,06,정보보호,16,모빌리티보안,7,29
20010701,20,정보통신,01,정보기술,07,인공지능,01,인공지능플랫폼구축,11,29
20010702,20,정보통신,01,정보기술,07,인공지능,02,인공지능서비스기획,8,29
20010703,20,정보통신,01,정보기술,07,인공지능,03,인공지능모델링,9,29
20010704,20,정보통신,01,정보기술,07,인공지능,04,인공지능서비스운영관리,10,29
20010705,20,정보통신,01,정보기술,07,인공지능,05,인공지능서비스구현,10,29
20010706,20,정보통신,01,정보기술,07,인공지능,06,인공지능학습데이터구축,11,29
20010707,20,정보통신,01,정보기술,07,인공지능,07,생성형AI엔지니어링,9,29
20010708,20,정보통신,01,정보기술,07,인공지능,08,로우코드 AI Agent,0,29
20010801,20,정보통신,01,정보기술,08,블록체인,01,블록체인분석·설계,8,29
20010802,20,정보통신,01,정보기술,08,블록체인,02,블록체인구축·운영,8,29
20010803,20,정보통신,01,정보기술,08,블록체인,03,블록체인서비스기획,8,29
20010901,20,정보통신,01,정보기술,09,스마트물류,01,스마트물류체계기획,9,29
20010902,20,정보통신,01,정보기술,09,스마트물류,02,스마트물류플랫폼구축,10,29
20010903,20,정보통신,01,정보기술,09,스마트물류,03,스마트물류통합관리,10,29
20011001,20,정보통신,01,정보기술,10,디지털트윈,01,디지털트윈기획,8,29
20011002,20,정보통신,01,정보기술,10,디지털트윈,02,디지털트윈설계,7,29
20011003,20,정보통신,01,정보기술,10,디지털트윈,03,디지털트윈구축,7,29
20011101,20,정보통신,01,정보기술,11,개인정보보호,01,개인정보보호관리운영,6,29
20011102,20,정보통신,01,정보기술,11,개인정보보호,02,개인정보가명익명처리,7,29
20011103,20,정보통신,01,정보기술,11,개인정보보호,03,개인정보인증평가,7,29
20011201,20,정보통신,01,정보기술,12,산업기술보호,01,산업기술보호,0,29
20020101,20,정보통신,02,통신기술,01,유선통신구축,01,교환시스템구축,14,29
20020102,20,정보통신,02,통신기술,01,유선통신구축,02,구내통신구축,18,29
20020103,20,정보통신,02,통신기술,01,유선통신구축,03,네트워크구축,18,29
20020104,20,정보통신,02,통신기술,01,유선통신구축,04,구내통신설비공사,16,29
20020105,20,정보통신,02,통신기술,01,유선통신구축,05,실감형플랫폼구축,9,29
20020106,20,정보통신,02,통신기술,01,유선통신구축,06,철도정보통신설비공사,10,29
20020107,20,정보통신,02,통신기술,01,유선통신구축,07,도로·교통정보통신설비공사,11,29
20020108,20,정보통신,02,통신기술,01,유선통신구축,08,항해·항만정보통신설비공사,11,29
20020109,20,정보통신,02,통신기술,01,유선통신구축,09,항공·항행정보통신시설공사,10,29
20020110,20,정보통신,02,통신기술,01,유선통신구축,10,클라우드플랫폼구축,9,29
20020201,20,정보통신,02,통신기술,02,무선통신구축,01,무선통신시스템구축,16,29
20020202,20,정보통신,02,통신기술,02,무선통신구축,02,전송시스템구축,11,29
20020203,20,정보통신,02,통신기술,02,무선통신구축,03,무선통신망구축,15,29
20020204,20,정보통신,02,통신기술,02,무선통신구축,04,위성통신망구축,8,29
20020205,20,정보통신,02,통신기술,02,무선통신구축,05,IoT통신망구축,13,29
20020206,20,정보통신,02,통신기술,02,무선통신구축,06,공공안전통신망구축,10,29
20020301,20,정보통신,02,통신기술,03,통신서비스,01,유선설비접속서비스,10,29
20020302,20,정보통신,02,통신기술,03,통신서비스,02,전용회선서비스,10,29
20020303,20,정보통신,02,통신기술,03,통신서비스,03,초고속망서비스,11,29
20020304,20,정보통신,02,통신기술,03,통신서비스,04,부가네트워크서비스,10,29
20020305,20,정보통신,02,통신기술,03,통신서비스,05,전보서비스,9,29
20020306,20,정보통신,02,통신기술,03,통신서비스,06,이동통신서비스,8,29
20020307,20,정보통신,02,통신기술,03,통신서비스,07,콘텐츠사용자서비스,9,29
20020308,20,정보통신,02,통신기술,03,통신서비스,08,콘텐츠네트워크서비스,10,29
20020309,20,정보통신,02,통신기술,03,통신서비스,09,무선초고속인터넷서비스,10,29
20020310,20,정보통신,02,통신기술,03,통신서비스,10,주파수공용통신,6,29
20020311,20,정보통신,02,통신기술,03,통신서비스,11,무선호출메시징서비스,10,29
20020312,20,정보통신,02,통신기술,03,통신서비스,12,위성통신서비스,8,29
20020313,20,정보통신,02,통신기술,03,통신서비스,13,특수이동통신서비스,10,29
20020314,20,정보통신,02,통신기술,03,통신서비스,14,인터넷지원서비스,8,29
20020315,20,정보통신,02,통신기술,03,통신서비스,15,부가통신응용중계서비스,10,29
20020316,20,정보통신,02,통신기술,03,통신서비스,16,특수부가통신서비스,10,29
20020317,20,정보통신,02,통신기술,03,통신서비스,17,무선데이터통신서비스,10,29
20020318,20,정보통신,02,통신기술,03,통신서비스,18,디지털비즈니스지원서비스,11,29
20020319,20,정보통신,02,통신기술,03,통신서비스,19,실감형통신서비스,10,29
20020401,20,정보통신,02,통신기술,04,실감형콘텐츠제작,01,가상현실콘텐츠제작,10,29
20020402,20,정보통신,02,통신기술,04,실감형콘텐츠제작,02,실감콘텐츠촬영,8,29
20020403,20,정보통신,02,통신기술,04,실감형콘텐츠제작,03,증강현실(AR)콘텐츠제작,8,29
20030101,20,정보통신,03,방송기술,01,방송제작기술,01,중계방송,11,29
20030102,20,정보통신,03,방송기술,01,방송제작기술,02,방송품질관리,10,29
20030201,20,정보통신,03,방송기술,02,방송플랫폼기술,01,라디오방송,10,29
20030202,20,정보통신,03,방송기술,02,방송플랫폼기술,02,지상파TV방송,11,29
20030203,20,정보통신,03,방송기술,02,방송플랫폼기술,03,지상파DMB,11,29
20030204,20,정보통신,03,방송기술,02,방송플랫폼기술,04,케이블방송,24,29
20030205,20,정보통신,03,방송기술,02,방송플랫폼기술,05,인터넷멀티미디어방송,14,29
20030301,20,정보통신,03,방송기술,03,방송서비스,01,유무선통합서비스,10,29
20030302,20,정보통신,03,방송기술,03,방송서비스,02,방송시스템운영,10,29
20030303,20,정보통신,03,방송기술,03,방송서비스,03,정보시스템운영,14,29
20030304,20,정보통신,03,방송기술,03,방송서비스,04,방송기술지원서비스,11,29
20030305,20,정보통신,03,방송기술,03,방송서비스,05,방송장비설치유지보수,11,29
20030306,20,정보통신,03,방송기술,03,방송서비스,06,소셜미디어방송서비스,11,29
